relative_path	bytes	sha256	role	byte_stable	regenerated_by
CITATION.cff	702	08ad242a05fa39582106e0db1f8ee7281e5b3bbb276e28e12f9b9a167a2c98d8	documentation	yes	
Figure_Legends.md	4559	3f6be2c0d3b5e5a71db886a4be4dfdd177543149c04a986a8447537bbe858c8a	figure legends	yes	
README.md	4197	f02c430184ddf880df79954ea2704096481affcd45cc6b186a6817b2cab0c00d	documentation	yes	
Supplementary_Tables.xlsx	684165		regenerated workbook	no	reproduce_all.py
audit/QC_REPORT.txt	1287		quality-control output	no	reproduce_all.py
audit/checksum_qc.tsv	184		quality-control output	no	reproduce_all.py
audit/claim_audit.tsv	3604		quality-control output	no	reproduce_all.py
audit/dictionary_qc.tsv	270		quality-control output	no	reproduce_all.py
audit/figure_geometry.csv	371		quality-control output	no	reproduce_all.py
audit/figure_qc.tsv	165		quality-control output	no	reproduce_all.py
audit/reference_qc.tsv	90		quality-control output	no	reproduce_all.py
audit/semantic_qc.tsv	1065		quality-control output	no	reproduce_all.py
audit/structural_qc.tsv	686		quality-control output	no	reproduce_all.py
audit/workbook_qc.tsv	109		quality-control output	no	reproduce_all.py
audit/workbook_verification.csv	150		quality-control output	no	reproduce_all.py
code/analysis/__init__.py	92	077ded36f8b2ccce3c352277f777e5b58ffedf4ef6f369d70acd7582e21e503b	analysis code	yes	
code/analysis/claims.py	9373	bc94eebd5e626b65906df0a7658fd7a659e70885ac575560cb26a585025712bd	analysis code	yes	
code/analysis/qc.py	12087	4282dab93acfc9ca8088384fbb33525ba1cd215088614c1eabc62750df841bd5	analysis code	yes	
code/analysis/tables.py	3906	c499107c98d35f7d6e872460ca91c8102fb600c3a2d5f34a933c8f4200f3443a	analysis code	yes	
code/figures/figure_1.py	10254	06ad8ec43e72be1a4155be30bf6420cecda9acfae52aa7de3e18a02c3b8fb5a3	figure code	yes	
code/figures/figure_1a_chemistry.py	7925	ce1d1ed772443712165ab1f356155d8229fcca6bbe931e07b9bab5dc1577a0f1	figure code	yes	
code/figures/figure_2.py	5008	f565bf270b4b2fb46c95ea646311aebf62f40cc0db94208c1813bb1cd552fcd5	figure code	yes	
code/figures/figure_3.py	6154	7632e6448ccf5f4a422ff93e55d57a6b51b311e2fee93d9986f6cca70ed28b95	figure code	yes	
code/figures/figure_4.py	3565	278f47a017e39fac700743373184738a3a1fdc77209a6527ab4d42638c86ea43	figure code	yes	
code/figures/figure_style.py	7351	1cd953cce566386bfebc8fea1b69740d81f0d487d2f3d2822f44993e446448ee	figure code	yes	
code/figures/supplementary_figure_s1.py	1607	a9e5858802037543595de320881d64996f8bc86f4050b82c61dcf77b264e4555	figure code	yes	
code/figures/supplementary_figure_s2.py	3208	74e3926597bdb07d9ed6d928d423c2192e43336f16a9ebe3b469964d6c589dad	figure code	yes	
data/analysis_inputs/PROVENANCE_NOTE.md	2480	0ba0fabe4f7a940b95447ad434f6e426e0457b9f0cc18c997eb3f54e188c83a1	frozen analysis input	yes	
data/analysis_inputs/gene_context_model_input.tsv	203877	cb9b121c22c81e75c057d109670f868230dfc3b02335410115098fca8b9d66d5	frozen analysis input	yes	
data/analysis_inputs/hpa_expression_class_membership.tsv	6429293	b8c76b90b85ac5d9da90c01bbb3a6721e770b2b5c6ffea0bed81c22ab2bdf54a	frozen analysis input	yes	
data/analysis_inputs/mondo_gene_condition_flags.tsv	1094759	ba31532a938936d707d25b4de7de3231a059fe0bceba0f92b43842c24ad8eac3	frozen analysis input	yes	
data/figure_inputs/figure1_input.json	2621	352380c56727e87b2664bf866de45f5e18d17b9d829d8194ab57d315ceddf11a	frozen figure input	yes	
data/figure_inputs/figure2_input.json	1016	9d98d82d74a027a1a5c3103d80d5ff57c10e653ea4890993ff5c668d1bf9343f	frozen figure input	yes	
data/figure_inputs/figure3_input.json	8170	2ae6a16ecd64940b0c0448c7e70b87158fe50589a06770b0713ab8a1fee1e9d3	frozen figure input	yes	
data/figure_inputs/figure4_input.json	1129	769124b5969daad9eab94b1fdf68a79961a277475c68d00df8123a7a8a35438d	frozen figure input	yes	
data/figure_inputs/figure_legend_records.json	4574	ef444f7a873faa69ab998a5acfff576834ff22f3fb5c19cf42c0d50e03560405	frozen figure input	yes	
data/figure_inputs/supplementary_figure_s1_input.json	595	36a6984563fb410274e7008f337045e2b45aefa0ced38baa378b975fa162637c	frozen figure input	yes	
data/figure_inputs/supplementary_figure_s2_input.json	656	2c7461b9e7395047fffcada398913bfd130d7c40ff3a91fab309147941ae00e5	frozen figure input	yes	
data/provenance/SOURCE_MANIFEST.tsv	8591	e7bf21f2f267f71af04fcf7aa50b9b88c2b9ff9ee8b1f57870ac8dff9d0bd9d4	source provenance	yes	
data/provenance/audit_inputs/CLINVAR_EXTRACTION_AUDIT.tsv	914	2470361203fe1f5390e15b33469427f09fab9978408e9ba7b4d3716a7a0e7f7a	audit input	yes	
data/provenance/audit_inputs/accessible_states_per_gene.csv	18897	827a400f0f6f14f16b1aa700a726abeb7fd6f2417c45f30f15cee1d96e60c052	audit input	yes	
data/provenance/audit_inputs/clinvar_completeness_candidates.csv	24043	a83c41a37a2f5841e245797b7f42cb88fd8d541d1ce696960466c45de2c5d321	audit input	yes	
data/provenance/audit_inputs/clinvar_completeness_codon_test.csv	6782	2fd03a90b170d23d0bccecbcf43b7433c7f0eee1e2acc52578efa529f63f3234	audit input	yes	
data/provenance/audit_inputs/coding_opportunity_by_substitution_class.csv	1291	bc70d6f42eda4a29e97cde563ae3c524f440b777928f14e90e8ceeb8f5daf129	audit input	yes	
data/provenance/audit_inputs/lesion_enrichment_intervals.csv	480	c75b948cbf4d38aa606b9f8d8901ca6d98585341db0980fa9bbc5e77266eb572	audit input	yes	
data/provenance/audit_inputs/lesion_map_filter_counts.tsv	1848	b97801e971cd957453b0305b2f4b119eaf7ce24dd44a63a10a2ac2d1460cb8d2	audit input	yes	
data/provenance/audit_inputs/lesion_map_sample_manifest.tsv	9259	a135b9411028d0b9bbc27abc0469961a596bca36ca24c773c23290b39173a98a	audit input	yes	
data/provenance/audit_inputs/observed_state_composition_sensitivity.csv	157	720ecc0d402da54c75b14f4add722c9b3957eca3742d54853c8ff5adb5bedd86	audit input	yes	
data/provenance/audit_inputs/pathway_convergence_secondary.csv	37293	d60238f401caecc7fcf53abe7adc790dded5e639fbfd43db60426fe71d92d2ab	audit input	yes	
data/provenance/audit_inputs/predefined_neurological_examples.csv	5005	afd6044b603832f3c79e47289214f619cc7d4acd670d8c47ec3df3b07cb92a40	audit input	yes	
data/provenance/audit_inputs/proteogenomic_catalog_sensitivity.csv	304341	b565a6698a53aa70154061b7aa27023ab467b0eb264b5e2107ceea716339b4cb	audit input	yes	
data/provenance/audit_inputs/proteogenomic_mapping_qc.csv	243585	352a863f26aae89b5a41a5fb8cc3596408f7f6ee2c5289e394fe6e028b3ec71a	audit input	yes	
data/provenance/audit_inputs/route_classification_qc.csv	400201	261e4957330c513b3bfce1c4b66d436f6cd2ea519e5d53d88ab20187d1a09e41	audit input	yes	
data/provenance/audit_inputs/transcript_qc.csv	1580620	d877d02ca09a3381d427799884c6a4595c90e787ebdd049eb4a1e778c4688fbe	audit input	yes	
data/provenance/map_resource_strand_interpretation.tsv	609	6804ce81f15b553c5326bb76a1ad0a69593c07a4445436dea039bd8362228fc7	source provenance	yes	
data/supplementary_data/S1.csv	1248	76057845490053df4d418ca743cff8089752557ff9383b27e8928bce15e73868	publication-facing dataset	yes	
data/supplementary_data/S2.csv	865314	a1a35473e65c43e62bc67c5042d612ccd41a13191415944eb3584523695f27d0	publication-facing dataset	yes	
data/supplementary_data/S3a.csv	5027	b697da26666e8d788334eecd9ce248961f280de5266a1ffe6f5c85681871e11c	publication-facing dataset	yes	
data/supplementary_data/S3b.csv	2222	d150e1f89ec29da5ead722e4d5ddb203723e0848984ac12d1d372da45ce0fa0c	publication-facing dataset	yes	
data/supplementary_data/S4.csv	190057	aef9b2424d1ec9ed950150ab4e06d2ff272ae6f5ff30a8f7caf1e1de599b4444	publication-facing dataset	yes	
data/supplementary_data/S5.csv	13229	4c6c75d791970fd4e1e8afe0b8844730a0d641dac0fb2cfdaaeba90309c4168e	publication-facing dataset	yes	
data/supplementary_data/S6.csv	2945	0f757dd84fa5b5ad562202863bad9830085624e7af9997f364e7f3161fb8c055	publication-facing dataset	yes	
data/supplementary_data/Supplementary_Table_Index.csv	1652	0b596c96359e3802503511549ab00e63ced6d2a0b7dcf857ab4e305248d63cde	publication-facing dataset	yes	
data/supplementary_data/data_dictionary.csv	19122	531c975e58967775ebb8bfe8f468ca610ecb8590988e7d9b73b507d4c6fc20d4	publication-facing dataset	yes	
data/supplementary_data/gene_context_model_input.tsv	203877	cb9b121c22c81e75c057d109670f868230dfc3b02335410115098fca8b9d66d5	documentation	yes	
derived/figures/figure1_genetic_code.pdf	53392		regenerated figure	no	reproduce_all.py
derived/figures/figure1_genetic_code.png	439704		regenerated figure	no	reproduce_all.py
derived/figures/figure2_disease_convergence.pdf	39174		regenerated figure	no	reproduce_all.py
derived/figures/figure2_disease_convergence.png	514560		regenerated figure	no	reproduce_all.py
derived/figures/figure3_gene_context.pdf	38210		regenerated figure	no	reproduce_all.py
derived/figures/figure3_gene_context.png	752305		regenerated figure	no	reproduce_all.py
derived/figures/figure4_proteomic_observation.pdf	55089		regenerated figure	no	reproduce_all.py
derived/figures/figure4_proteomic_observation.png	278449		regenerated figure	no	reproduce_all.py
derived/figures/figureS1_specification_sensitivity.pdf	25132		regenerated figure	no	reproduce_all.py
derived/figures/figureS1_specification_sensitivity.png	193041		regenerated figure	no	reproduce_all.py
derived/figures/figureS2_lesion_evidence.pdf	25558		regenerated figure	no	reproduce_all.py
derived/figures/figureS2_lesion_evidence.png	188036		regenerated figure	no	reproduce_all.py
environment.yml	202	6c14a67c080e0dfed55e60fe81c3e666c0017b9b0024a69a1024b7e65224fb0b	environment specification	yes	
reproduce_all.py	1290	7566efca18aa6fe54421b7544f8f99ab62fb8bfd45fa46a24052aeb9e6463a33	reproduction driver	yes	
reproduce_figures.py	4663	436a21a7ea8f92d7baafdbef5b99f9b74b816b3f6ed54bdd72b2d5b87eb1bcd1	reproduction driver	yes	
run_qc.py	2857	4363e8861c95a03d349049387ae910d4daffc635e12ff62cc16aa8098ac4676d	reproduction driver	yes	
