gene,n,n_cons,rank
SCN1A,85,21,1
ABCA4,61,17,2
PAH,48,31,3
LDLR,35,19,4
GLA,34,11,5
MYH7,33,14,6
IDS,32,11,7
RYR1,26,12,8
ALPL,26,15,9
SCN8A,25,2,10
GCK,25,17,11
NF1,24,9,12
BEST1,24,12,13
SCN2A,23,2,14
KCNQ2,22,5,15
ACVRL1,21,4,16
RYR2,21,2,17
USH2A,20,9,18
AR,20,2,19
GAA,19,13,20
OTC,19,1,21
SMPD1,18,7,22
NPC1,18,4,23
ARSA,17,4,24
KCNQ1,17,8,25
CFTR,17,11,26
TP53,17,13,27
SLC26A4,16,7,28
KCNH2,16,6,29
MYO7A,16,6,30
KIF1A,16,3,31
ACTA1,16,3,32
PTEN,15,8,33
FBN1,15,1,34
GBA1,15,3,35
GALT,15,8,36
MLH1,15,9,37
RHO,15,8,38
GRIN2A,14,6,39
TYR,13,7,40
RS1,13,4,41
CASR,13,2,42
MECP2,13,7,43
MEN1,13,3,44
ACTB,13,0,45
SCN4A,13,4,46
FH,12,3,47
GJB1,12,6,48
SLC22A5,12,4,49
GRIN1,12,3,50
SMARCA2,12,2,51
SLC12A3,12,5,52
F8,12,3,53
ACADVL,12,1,54
LMNA,11,4,55
TUBA1A,11,3,56
PHEX,11,3,57
COMP,11,4,58
EDA,11,2,59
ATP1A3,11,1,60
ABCD1,11,3,61
GRIN2B,11,2,62
TTR,11,6,63
GLDC,10,2,64
SPAST,10,0,65
RPE65,10,7,66
HNF1A,10,8,67
MMUT,10,4,68
GABRB3,10,1,69
DYNC1H1,10,1,70
PSEN1,10,5,71
G6PD,10,4,72
PCDH19,10,5,73
PDHA1,10,1,74
MSH2,10,7,75
FOXG1,9,4,76
DHCR7,9,6,77
TSC2,9,2,78
MYO15A,9,1,79
ABCC8,9,3,80
PLA2G6,9,1,81
POLG,9,3,82
ATP7B,9,2,83
GCDH,9,5,84
GJB2,9,3,85
KCNB1,9,3,86
SGSH,9,3,87
SERPING1,9,1,88
ABCC6,8,0,89
BRAF,8,5,90
PMM2,8,4,91
IDUA,8,5,92
PTPN11,8,6,93
DCX,8,2,94
GABRA1,8,0,95
ARSB,8,3,96
AGXT,8,2,97
HBB,8,3,98
CREBBP,8,0,99
GALC,8,3,100
HGD,8,0,101
VHL,7,4,102
STAT3,7,1,103
MFN2,7,1,104
RAF1,7,4,105
CYP17A1,7,4,106
CLCN1,7,3,107
RDH12,7,4,108
ASL,7,2,109
CYBB,7,3,110
MPZ,7,4,111
PROP1,7,0,112
PKD1,7,0,113
BRCA1,7,4,114
DDX3X,7,0,115
VCP,7,0,116
SCN5A,7,2,117
NPHS1,7,2,118
ATL1,7,1,119
VWF,7,2,120
G6PC1,7,1,121
CAPN3,7,3,122
ASPA,7,4,123
OCA2,7,2,124
FKRP,7,4,125
BTK,7,1,126
FOXL2,7,0,127
SHH,7,0,128
STXBP1,6,1,129
TRPV4,6,2,130
GALNS,6,2,131
BTD,6,4,132
GABRG2,6,1,133
PLP1,6,1,134
NALCN,6,1,135
ELANE,6,0,136
TGFBR2,6,0,137
PAX3,6,1,138
TMEM67,6,1,139
PRF1,6,3,140
SGCA,6,3,141
ALDH5A1,6,0,142
F9,6,0,143
HPRT1,6,0,144
ASS1,6,3,145
TUBB4A,6,0,146
CNGA3,6,2,147
SACS,6,1,148
GLRA1,6,0,149
ITGA2B,6,6,150
TUBB2B,6,1,151
SOX11,6,2,152
CRB1,6,3,153
KCNA1,6,0,154
FOXC1,6,1,155
ALOX12B,6,1,156
PRPH2,6,1,157
KRT5,6,0,158
LIPA,6,4,159
STAT1,6,1,160
FGFR3,5,2,161
CHD7,5,0,162
HUWE1,5,0,163
FOXF1,5,0,164
CBS,5,2,165
GFAP,5,0,166
IGHMBP2,5,1,167
NAGLU,5,1,168
MLC1,5,3,169
F11,5,2,170
FGFR1,5,1,171
GJA8,5,2,172
GNAO1,5,2,173
CYP1B1,5,3,174
MEF2C,5,0,175
KCNT1,5,0,176
MTOR,5,3,177
CYP11B1,5,0,178
CSF1R,5,0,179
DYSF,5,2,180
TBX5,5,0,181
TUBB3,5,0,182
ALDH7A1,5,1,183
SOX9,5,1,184
ATRX,5,0,185
PKLR,5,1,186
PIK3CA,5,2,187
TMPRSS3,5,1,188
SLC3A1,5,0,189
PAX6,5,0,190
SLC16A2,5,0,191
UMOD,5,3,192
SERPINC1,5,3,193
ZBTB20,5,1,194
AVPR2,5,1,195
ATP1A2,5,1,196
PRKCG,5,3,197
RAG2,5,2,198
GHRHR,4,2,199
IHH,4,0,200
SRD5A2,4,1,201
IL2RG,4,0,202
SETBP1,4,2,203
CPS1,4,0,204
SOD1,4,2,205
GLB1,4,2,206
NOD2,4,1,207
HNF1B,4,0,208
SMC1A,4,0,209
SETD1B,4,0,210
SLC6A1,4,1,211
SLC4A1,4,1,212
SLC12A1,4,0,213
HSD17B4,4,0,214
SLC2A1,4,1,215
ALG1,4,0,216
STK11,4,1,217
EEF1A2,4,0,218
ETFDH,4,1,219
EZH2,4,0,220
WFS1,4,2,221
FA2H,4,1,222
TYMP,4,1,223
FBXO11,4,0,224
TULP1,4,1,225
ACADM,4,1,226
FLNA,4,0,227
FLNB,4,0,228
TUBB2A,4,0,229
FLNC,4,0,230
TSHR,4,0,231
ADA,4,2,232
TPP1,4,0,233
TMC1,4,0,234
CYP21A2,4,0,235
TK2,4,1,236
THRB,4,1,237
GATA2,4,1,238
RUNX1,4,4,239
CACNA1C,4,0,240
PKHD1,4,1,241
MYT1L,4,0,242
LPL,4,0,243
PRPF8,4,1,244
MED12,4,0,245
MC4R,4,0,246
PROC,4,1,247
PPP3CA,4,1,248
CAV3,4,0,249
CHST6,4,0,250
NR2F1,4,1,251
MCCC2,4,0,252
CLCN7,4,0,253
MYOC,4,4,254
PNPLA1,4,2,255
KCTD1,4,0,256
CDH23,4,2,257
KCNQ5,4,1,258
PCCA,4,2,259
NKX2-5,4,0,260
AUTS2,4,0,261
PIGV,3,2,262
MYBPC3,3,1,263
MYH3,3,0,264
KCNMA1,3,0,265
MTM1,3,0,266
TPM3,3,0,267
FSHR,3,0,268
FUS,3,0,269
TNNI3,3,0,270
MSH6,3,1,271
PMP22,3,3,272
TH,3,3,273
TGM1,3,2,274
GABRB2,3,0,275
TUBB,3,0,276
TUBB8,3,0,277
PCCB,3,0,278
NR5A1,3,0,279
NR2E3,3,2,280
EFTUD2,3,0,281
EGR2,3,1,282
YARS2,3,2,283
ENG,3,1,284
EP300,3,0,285
NIPAL4,3,1,286
WAS,3,0,287
NSD1,3,0,288
MYH9,3,1,289
FAH,3,2,290
FANCA,3,0,291
NDP,3,0,292
OPA1,3,1,293
FGF8,3,0,294
TWNK,3,2,295
OSGEP,3,0,296
TGFB2,3,1,297
TGFBI,3,1,298
POLR3B,3,0,299
TFAP2A,3,0,300
GRIA2,3,1,301
SLC45A2,3,0,302
GRIN2D,3,0,303
LMX1B,3,1,304
GUCY2D,3,1,305
HEXA,3,0,306
PTS,3,2,307
HMBS,3,0,308
PYGM,3,1,309
L1CAM,3,0,310
HPDL,3,0,311
RAC2,3,0,312
HSD3B2,3,3,313
KRAS,3,1,314
SDHB,3,3,315
KLHL3,3,0,316
SAMD9,3,0,317
IRF6,3,0,318
RUNX2,3,0,319
RNF213,3,0,320
LRP5,3,0,321
GPR143,3,0,322
TCF4,3,1,323
GNRHR,3,1,324
POLR3A,3,0,325
TARDBP,3,0,326
GAMT,3,2,327
ROR2,3,0,328
TAFAZZIN,3,0,329
STUB1,3,0,330
GCH1,3,0,331
MED13L,3,0,332
PRKAG2,3,2,333
GJA1,3,1,334
GJA3,3,0,335
SRY,3,0,336
SPTBN1,3,0,337
SOX10,3,0,338
MAP2K1,3,0,339
MAN2B1,3,2,340
SMS,3,0,341
SMC3,3,1,342
MAF,3,1,343
NPR2,3,0,344
AAAS,3,2,345
ASNS,3,1,346
CHD3,3,1,347
ACTA2,3,0,348
ATP7A,3,0,349
CHD4,3,0,350
DNM1L,3,1,351
CPLANE1,3,2,352
CACNA1G,3,0,353
CACNA1S,3,0,354
ACAT1,3,1,355
DNM1,3,1,356
CHD8,3,0,357
CPT2,3,1,358
DKC1,3,0,359
BCKDHB,3,1,360
CHD2,3,0,361
CLN6,3,1,362
BAP1,3,1,363
AFG3L2,3,0,364
ADA2,3,2,365
CYP4F22,3,1,366
CACNA1E,3,1,367
ALDOB,3,2,368
ALK,3,0,369
ARX,3,0,370
ALAS2,3,1,371
BRCA2,3,2,372
DES,3,0,373
ACTG2,3,0,374
ASAH1,3,0,375
CHRNA1,3,0,376
DEAF1,3,0,377
KCNK9,2,0,378
KCNJ2,2,0,379
KCNJ10,2,0,380
SGCB,2,0,381
KDM5C,2,0,382
SFTPC,2,0,383
SLC2A10,2,2,384
KCNH5,2,0,385
SLC34A3,2,1,386
KCNH1,2,1,387
KCNC1,2,0,388
SLC20A2,2,0,389
ARID1A,2,1,390
KDM6B,2,0,391
SH3BP2,2,2,392
KLF1,2,0,393
KERA,2,0,394
KRT1,2,1,395
SHOX,2,0,396
KMT2D,2,0,397
CLRN1,2,1,398
AARS1,2,0,399
KISS1,2,0,400
KIT,2,0,401
SKI,2,1,402
KLF6,2,0,403
SLC40A1,2,0,404
NLRP3,2,0,405
SLC46A1,2,0,406
JPH2,2,1,407
AMT,2,0,408
SOX4,2,0,409
HOGA1,2,0,410
HNF4A,2,0,411
AMELX,2,0,412
HMGCS2,2,1,413
HMGCL,2,2,414
HJV,2,1,415
COL4A5,2,0,416
HECW2,2,2,417
HDAC4,2,0,418
HCN1,2,0,419
HBA1,2,1,420
STAR,2,1,421
STIM1,2,0,422
H3-3B,2,0,423
COLQ,2,1,424
ALDH1A2,2,0,425
SYK,2,0,426
HRAS,2,2,427
COL1A1,2,1,428
ANK1,2,0,429
CNGA1,2,1,430
SLC52A3,2,0,431
SLC5A2,2,0,432
ITPR1,2,0,433
AP1G1,2,0,434
SLC7A7,2,0,435
SLC7A9,2,0,436
INSR,2,0,437
INS,2,0,438
CNNM4,2,0,439
HSPB1,2,1,440
CNOT3,2,1,441
IGF1R,2,0,442
SMARCB1,2,2,443
SMARCD1,2,0,444
ANO4,2,0,445
ANKRD11,2,0,446
COCH,2,0,447
HTRA1,2,0,448
SLC6A8,2,0,449
SCN11A,2,1,450
SERPINA1,2,0,451
OFD1,2,0,452
BCL11B,2,1,453
OAT,2,1,454
BCL11A,2,0,455
POMGNT1,2,1,456
POU3F4,2,0,457
POU4F3,2,0,458
NRAS,2,0,459
CALM1,2,0,460
CALM2,2,0,461
CAMK2A,2,0,462
PPP2R1A,2,2,463
NMNAT1,2,0,464
NLRC4,2,0,465
NKX2-1,2,0,466
CASK,2,0,467
NHLRC1,2,1,468
NFKBIA,2,0,469
OCRL,2,0,470
POLD1,2,0,471
LEPR,2,0,472
PNPT1,2,0,473
PHIP,2,1,474
PHYH,2,0,475
PEX1,2,0,476
PDGFRB,2,1,477
PDE6B,2,0,478
PDE6A,2,0,479
PDE4D,2,0,480
PCSK1,2,0,481
PINK1,2,0,482
PCDH15,2,0,483
PC,2,1,484
PAX9,2,0,485
C1QTNF5,2,2,486
PADI6,2,0,487
BICD2,2,0,488
OTX2,2,0,489
PNPLA6,2,0,490
NFIX,2,0,491
BCKDHA,2,0,492
PRPF31,2,0,493
PRPS1,2,0,494
MED13,2,0,495
CFH,2,0,496
MCPH1,2,0,497
RRAGC,2,0,498
ATP8B1,2,0,499
MAST1,2,0,500
MAP2K2,2,1,501
ATP6V0A4,2,1,502
LZTR1,2,0,503
LYST,2,1,504
LRP1B,2,0,505
SYT1,2,2,506
SCN3A,2,0,507
SCN9A,2,2,508
LITAF,2,1,509
ATM,2,1,510
SDHC,2,1,511
CFB,2,0,512
RMND1,2,0,513
MMAA,2,0,514
MVK,2,1,515
MYRF,2,0,516
CD40LG,2,0,517
CDAN1,2,1,518
MYL2,2,2,519
PYGL,2,0,520
CDKL5,2,0,521
MYCN,2,0,522
B3GALT6,2,1,523
MMACHC,2,1,524
MSTO1,2,0,525
RAPSN,2,2,526
RARB,2,0,527
MPV17,2,0,528
MORC2,2,0,529
RERE,2,1,530
MMP13,2,0,531
SYNGAP1,2,0,532
BRIP1,2,1,533
GARS1,2,0,534
GLDN,2,1,535
GALE,2,0,536
ERCC5,2,0,537
GALNT3,2,0,538
CTNS,2,0,539
VDR,2,0,540
GATA4,2,0,541
GATA6,2,0,542
CTCF,2,0,543
AGA,2,1,544
CRYGD,2,1,545
CRYBB1,2,1,546
DNAJB6,2,1,547
EMD,2,0,548
EMC1,2,0,549
ABCB4,2,1,550
WDFY3,2,0,551
GIPC3,2,1,552
AICDA,2,0,553
TGFBR1,2,1,554
GJA5,2,0,555
WDR45,2,1,556
WDR62,2,1,557
TFE3,2,0,558
ADCY5,2,0,559
USP9X,2,0,560
CYBA,2,1,561
TRPC6,2,1,562
FARSA,2,0,563
FARS2,2,1,564
FBP1,2,0,565
ACSL4,2,0,566
TUBB1,2,0,567
ACTG1,2,0,568
DHDDS,2,1,569
TTN,2,0,570
TTC21B,2,0,571
TWIST1,2,0,572
F13A1,2,0,573
GABRA2,2,0,574
TRIO,2,0,575
UBQLN2,2,1,576
UBR1,2,1,577
DARS2,2,0,578
FOXP1,2,1,579
FOXP3,2,0,580
TPM2,2,0,581
TNPO2,2,0,582
CYP27A1,2,0,583
TNNT2,2,0,584
TFAP2B,2,0,585
FAS,2,0,586
GNPTAB,2,0,587
COX10,2,0,588
ZIC2,2,0,589
TBCD,2,0,590
TBR1,2,0,591
DYNC2H1,2,0,592
DUOX2,2,1,593
CP,2,0,594
TBL1XR1,2,0,595
GNAI3,2,0,596
ECHS1,2,0,597
ZIC1,2,0,598
YARS1,2,1,599
EBF3,2,0,600
DSP,2,0,601
GREB1L,2,0,602
RAB39B,1,0,603
B3GALT1,1,0,604
UCHL1,1,0,605
RAG1,1,0,606
UBIAD1,1,0,607
RAB3GAP2,1,0,608
RAC1,1,0,609
B3GNT6,1,0,610
RAD54L,1,0,611
RAB27A,1,0,612
BRF1,1,1,613
POLE,1,0,614
QRICH1,1,0,615
PTPN23,1,0,616
PIK3R2,1,0,617
PTPA,1,0,618
UROS,1,0,619
UROD,1,0,620
UNC13D,1,1,621
B9D2,1,0,622
B4GALT7,1,1,623
UGT1A1,1,0,624
PURA,1,0,625
UNC13A,1,0,626
ABCG5,1,0,627
B4GALNT1,1,1,628
PIK3CG,1,0,629
QDPR,1,0,630
PIK3CD,1,1,631
RB1,1,0,632
UBE3A,1,1,633
RORA,1,0,634
RNASEL,1,0,635
AURKA,1,0,636
ZMYM3,1,0,637
RNPC3,1,0,638
PIGL,1,0,639
AUH,1,0,640
RP1,1,1,641
PIGU,1,0,642
RP1L1,1,0,643
PIEZO1,1,1,644
RP2,1,0,645
ACAD8,1,0,646
ZNF142,1,0,647
ZNF148,1,0,648
TUBG1,1,0,649
ACACA,1,0,650
RARS1,1,1,651
AVP,1,0,652
PTF1A,1,1,653
ZMIZ1,1,0,654
UBAP1L,1,0,655
RBM20,1,1,656
RBPJ,1,0,657
ABCG8,1,0,658
RECQL4,1,0,659
AVIL,1,0,660
REEP1,1,1,661
RELN,1,0,662
REN,1,0,663
ABHD12,1,0,664
ABL1,1,0,665
RET,1,0,666
PTH1R,1,0,667
BAG3,1,0,668
BAAT,1,0,669
VPS45,1,1,670
ABCB11,1,0,671
AARS2,1,0,672
PPA2,1,0,673
PPARG,1,0,674
BMP6,1,0,675
PLEKHG5,1,0,676
PPP1CB,1,0,677
PPP2CA,1,0,678
ZFP57,1,0,679
VPS16,1,0,680
PLCG2,1,0,681
PPP2R5D,1,0,682
VPS13D,1,0,683
VMA12,1,0,684
PPT1,1,0,685
PQBP1,1,0,686
BMP1,1,0,687
WDR1,1,0,688
WDR19,1,0,689
POU3F3,1,0,690
POLA1,1,0,691
XPO1,1,0,692
WWOX,1,0,693
POLR1B,1,0,694
WRAP53,1,0,695
ABCB1,1,0,696
ABCA12,1,0,697
POLRMT,1,0,698
YWHAG,1,1,699
POMT1,1,0,700
BCOR,1,0,701
PMS2,1,1,702
POU1F1,1,0,703
YY1,1,0,704
ZAP70,1,0,705
PLCB4,1,0,706
ABCB6,1,0,707
PRCD,1,0,708
PRKCSH,1,0,709
PRNP,1,0,710
BBS2,1,1,711
BBS1,1,0,712
PRORP,1,0,713
PRPF3,1,0,714
BRAT1,1,1,715
USP7,1,0,716
PITX2,1,0,717
BAIAP2,1,0,718
ABCD4,1,0,719
PRRT2,1,0,720
PRSS56,1,0,721
PRUNE1,1,0,722
PSAP,1,1,723
BCLAF1,1,0,724
PRKN,1,0,725
ZFHX3,1,0,726
PLAA,1,0,727
BBS4,1,0,728
PRDM12,1,0,729
BMPR1A,1,0,730
PRDM8,1,0,731
ZC4H2,1,0,732
PRDX3,1,0,733
ABCC2,1,0,734
VAX1,1,0,735
ACAD9,1,1,736
VARS2,1,0,737
BMPR1B,1,0,738
BMPR2,1,0,739
VARS1,1,0,740
PKD2,1,0,741
PRKACB,1,0,742
BBS7,1,0,743
SZT2,1,0,744
SASH1,1,0,745
ATXN7,1,0,746
SMAD3,1,0,747
AGO2,1,0,748
SMAD6,1,0,749
ANO5,1,0,750
SMARCA4,1,0,751
AGR2,1,0,752
SMARCAL1,1,0,753
AIFM1,1,0,754
AIPL1,1,0,755
SMCHD1,1,0,756
SMO,1,0,757
TG,1,1,758
ANKH,1,0,759
SMPX,1,0,760
ANK2,1,0,761
SNAP25,1,1,762
SNCA,1,0,763
AIRE,1,0,764
SMAD4,1,0,765
SLURP1,1,0,766
SOS1,1,1,767
SLTM,1,0,768
SLC39A4,1,0,769
TLE6,1,0,770
APRT,1,0,771
APP,1,0,772
PHACTR1,1,0,773
SLC52A2,1,0,774
TJP2,1,0,775
TINF2,1,0,776
SLC6A5,1,1,777
SLC6A6,1,0,778
TIAM1,1,0,779
AGO1,1,0,780
THRA,1,0,781
SLC9A6,1,0,782
THAP11,1,0,783
SLCO2A1,1,0,784
THAP1,1,0,785
SORD,1,1,786
TERT,1,0,787
SLC39A13,1,0,788
AK2,1,1,789
TBX2,1,0,790
ALOXE3,1,0,791
SRP54,1,0,792
SRPK3,1,0,793
TBX1,1,0,794
SSUH2,1,0,795
ST3GAL3,1,0,796
ALG6,1,0,797
STIL,1,0,798
TBC1D24,1,0,799
ALDH6A1,1,0,800
STT3A,1,0,801
TALDO1,1,0,802
ALDH18A1,1,0,803
SUCLA2,1,0,804
SUCLG1,1,1,805
ALB,1,0,806
SPTLC1,1,1,807
ALS2,1,1,808
SOS2,1,1,809
AK1,1,0,810
ANGPTL3,1,0,811
TENM4,1,0,812
SOX3,1,0,813
TEK,1,0,814
TECTA,1,0,815
SOX5,1,0,816
SOX6,1,0,817
TECPR2,1,0,818
AMPD2,1,0,819
TDRD1,1,0,820
SPG7,1,0,821
SPI1,1,0,822
SPOP,1,0,823
SPRED1,1,0,824
TCIRG1,1,0,825
SPTA1,1,1,826
SPTAN1,1,0,827
SLC39A14,1,0,828
TLR8,1,0,829
RPGR,1,0,830
ATP2B1,1,0,831
TRRAP,1,0,832
ATP1A1,1,0,833
ATP11C,1,0,834
ACTN1,1,0,835
ATN1,1,0,836
TRPV1,1,0,837
SCNM1,1,0,838
SCNN1B,1,0,839
SDHA,1,1,840
TRMU,1,0,841
SDHD,1,1,842
SEC23A,1,0,843
SEC23B,1,0,844
TRIM36,1,0,845
SEC61A1,1,0,846
TRAF7,1,0,847
ATG4D,1,0,848
ATP2A2,1,0,849
ACTL6B,1,0,850
SERPINH1,1,0,851
TSPEAR,1,0,852
RPGRIP1,1,1,853
RPL13,1,0,854
ACO2,1,0,855
RPSA,1,0,856
ACSL5,1,0,857
TUBA4A,1,0,858
ATP6V1A,1,0,859
ATP6V0C,1,0,860
TTPA,1,1,861
ATP5MC3,1,0,862
ATP2B2,1,0,863
SAMD9L,1,0,864
SARS2,1,0,865
TAC3,1,0,866
SATB1,1,0,867
SATB2,1,0,868
SC5D,1,0,869
ATCAY,1,0,870
ASPRV1,1,0,871
TMEM63B,1,0,872
ADAMTS13,1,0,873
SLC19A2,1,0,874
TMPRSS6,1,0,875
SLC19A3,1,0,876
SLC1A4,1,0,877
ARF3,1,0,878
SLC24A5,1,0,879
SLC25A11,1,0,880
SLC25A13,1,1,881
SLC25A15,1,1,882
SLC25A19,1,0,883
SLC25A38,1,0,884
SLC25A4,1,1,885
SLC26A2,1,1,886
ADK,1,0,887
ARF1,1,0,888
SLC26A7,1,0,889
AQP5,1,0,890
TNFRSF13B,1,1,891
SLC17A8,1,0,892
TRAF3IP2,1,0,893
ARHGAP19,1,0,894
SFRP4,1,0,895
TPO,1,0,896
ADAMTS1,1,0,897
ARR3,1,0,898
TPM1,1,0,899
SIAH1,1,0,900
SIK1,1,0,901
TP63,1,0,902
SIX1,1,1,903
SIX3,1,0,904
SIX6,1,0,905
ADAMTS10,1,0,906
ARMC5,1,0,907
TOE1,1,0,908
TNNT3,1,0,909
SLC13A3,1,0,910
SLC13A5,1,0,911
APOE,1,1,912
DPYS,1,1,913
PGAP3,1,1,914
HARS1,1,0,915
GPSM2,1,0,916
GPT2,1,0,917
GRIA1,1,0,918
COX11,1,0,919
GRIA3,1,0,920
GRIK2,1,0,921
COQ8B,1,1,922
COQ6,1,0,923
COQ4,1,0,924
GRK1,1,0,925
GRM7,1,0,926
GRN,1,1,927
GSN,1,1,928
GTF3C1,1,0,929
GTSF1,1,0,930
GUCA1A,1,1,931
GYS2,1,1,932
H3-3A,1,0,933
H4C3,1,0,934
HAAO,1,0,935
HACE1,1,0,936
HADH,1,0,937
HADHA,1,0,938
COX4I1,1,0,939
GPR101,1,0,940
GPN2,1,0,941
CPT1A,1,0,942
GDAP1,1,1,943
GDF5,1,0,944
CRYAA,1,1,945
GFM1,1,0,946
GFPT1,1,0,947
GHR,1,0,948
CRX,1,0,949
CRPPA,1,0,950
CRLS1,1,0,951
CRB2,1,1,952
GJB4,1,0,953
GPC3,1,0,954
CPAP,1,0,955
CPAMD8,1,0,956
GLE1,1,0,957
CPA1,1,1,958
GLUL,1,0,959
GMPPB,1,0,960
GNA11,1,0,961
GNAI1,1,1,962
GNB2,1,0,963
COX6A2,1,0,964
HADHB,1,0,965
HBA2,1,0,966
PFAS,1,0,967
COL8A2,1,0,968
IDH1,1,0,969
CNTNAP1,1,0,970
IFIH1,1,0,971
IFNGR2,1,0,972
IFT140,1,0,973
IFT172,1,1,974
IFT27,1,0,975
IFT80,1,0,976
IKBKG,1,0,977
IL11RA,1,0,978
IL17RD,1,0,979
IMPG2,1,0,980
INF2,1,0,981
ING1,1,0,982
INPP5E,1,0,983
INSL3,1,0,984
IQSEC2,1,0,985
CLTC,1,0,986
IRX5,1,0,987
CLRN2,1,0,988
ITGB3,1,1,989
ITGB4,1,0,990
ITGB6,1,0,991
IARS1,1,0,992
HYOU1,1,0,993
COG7,1,1,994
COL4A3,1,0,995
HBG2,1,0,996
HCFC1,1,0,997
HCN4,1,0,998
HDAC8,1,0,999
HEPACAM,1,0,1000
COL6A2,1,0,1001
HGSNAT,1,0,1002
HINT1,1,1,1003
HIVEP2,1,0,1004
COL4A4,1,0,1005
COL4A1,1,0,1006
HSF4,1,0,1007
HNRNPR,1,0,1008
HNRNPU,1,0,1009
HOXA2,1,0,1010
HOXD13,1,0,1011
HPCA,1,0,1012
COL2A1,1,0,1013
COL1A2,1,0,1014
HSD17B10,1,0,1015
HSD17B3,1,0,1016
COL11A2,1,0,1017
GCM2,1,0,1018
CSF3R,1,0,1019
GBE1,1,0,1020
CTLA4,1,0,1021
EMP2,1,0,1022
ENPP1,1,0,1023
EPAS1,1,0,1024
EPHB4,1,0,1025
EPM2A,1,0,1026
EPRS1,1,0,1027
ERBB2,1,0,1028
ERCC1,1,0,1029
ERCC2,1,0,1030
ERCC4,1,1,1031
ERCC8,1,1,1032
ERLIN2,1,0,1033
ESPN,1,0,1034
DNAH5,1,0,1035
ETHE1,1,0,1036
EXOSC5,1,1,1037
EXT1,1,0,1038
EXT2,1,0,1039
EYA1,1,0,1040
EYS,1,0,1041
DNAH3,1,0,1042
DNAH2,1,0,1043
F12,1,1,1044
ELP4,1,0,1045
ELFN1,1,0,1046
EIF5A,1,0,1047
EDN1,1,0,1048
DSG4,1,0,1049
DSPP,1,0,1050
DST,1,0,1051
DPAGT1,1,0,1052
DYRK1A,1,0,1053
DONSON,1,0,1054
EBP,1,0,1055
ECEL1,1,0,1056
DOK7,1,0,1057
EDARADD,1,0,1058
EDN3,1,0,1059
EIF4A2,1,0,1060
DOHH,1,0,1061
EEF2,1,0,1062
EFNB1,1,0,1063
DNMT3A,1,0,1064
DNM2,1,1,1065
EHMT1,1,0,1066
EHMT2,1,0,1067
EIF2AK4,1,0,1068
EIF2B2,1,0,1069
EIF2B3,1,0,1070
F2,1,0,1071
DNAH11,1,0,1072
DMD,1,0,1073
FXN,1,0,1074
FOXE3,1,0,1075
DCC,1,0,1076
DBT,1,0,1077
FOXH1,1,0,1078
FOXI1,1,0,1079
FOXI3,1,0,1080
FREM1,1,0,1081
FRMD7,1,0,1082
D2HGDH,1,0,1083
CYP7B1,1,0,1084
FZR1,1,0,1085
DDC,1,1,1086
CYP4V2,1,0,1087
CYP11B2,1,0,1088
GABRB1,1,0,1089
CYFIP2,1,0,1090
CYCS,1,0,1091
GAL,1,0,1092
CTSK,1,0,1093
GALK1,1,1,1094
CTSA,1,1,1095
CTNNB1,1,0,1096
FOXE1,1,0,1097
FLVCR1,1,0,1098
DMC1,1,0,1099
FGA,1,0,1100
DLX3,1,0,1101
FAM111A,1,0,1102
FAM111B,1,0,1103
DLL4,1,0,1104
FAR1,1,0,1105
FBN2,1,0,1106
DIAPH1,1,0,1107
FBXO38,1,0,1108
FBXW11,1,0,1109
FDXR,1,0,1110
FGF10,1,0,1111
FLT4,1,0,1112
FGF23,1,0,1113
DHX37,1,0,1114
DHTKD1,1,0,1115
FGG,1,0,1116
DGAT1,1,0,1117
FKBP10,1,0,1118
FKTN,1,1,1119
FLCN,1,0,1120
DENND4A,1,0,1121
DDX23,1,0,1122
JAG1,1,0,1123
JAK1,1,0,1124
KANSL1,1,0,1125
MNX1,1,0,1126
CC2D2A,1,0,1127
NAXE,1,0,1128
NBEA,1,0,1129
NCOR2,1,0,1130
CC2D1A,1,0,1131
NDUFAF5,1,0,1132
NDUFAF8,1,0,1133
NDUFB8,1,0,1134
NDUFS1,1,1,1135
NDUFS2,1,0,1136
NDUFS8,1,0,1137
NDUFV1,1,0,1138
NEFL,1,0,1139
NEU1,1,1,1140
NEUROG1,1,0,1141
NEUROG3,1,1,1142
NEXMIF,1,0,1143
CBL,1,0,1144
NFE2L2,1,0,1145
NFIB,1,0,1146
NIPBL,1,0,1147
CARMIL2,1,0,1148
NKX2-6,1,0,1149
CCND2,1,1,1150
NAA30,1,0,1151
NAA10,1,0,1152
CDKN2C,1,0,1153
MPL,1,1,1154
CEP290,1,0,1155
MRE11,1,0,1156
CELSR3,1,0,1157
CELA2A,1,1,1158
MSR1,1,0,1159
MSX2,1,1,1160
MTHFR,1,0,1161
MTIF2,1,0,1162
CEBPA,1,0,1163
MUTYH,1,0,1164
CCR2,1,0,1165
CDKN1C,1,1,1166
MYH10,1,0,1167
MYH14,1,0,1168
CDK19,1,1,1169
MYH7B,1,0,1170
CDK13,1,0,1171
MYMK,1,1,1172
CDHR1,1,0,1173
MYO5A,1,0,1174
MYO5B,1,0,1175
NKX6-2,1,0,1176
NLRP1,1,0,1177
NLRP12,1,1,1178
BUB1,1,0,1179
PAFAH1B1,1,0,1180
C3,1,0,1181
PAK3,1,0,1182
PARD3,1,0,1183
PATL2,1,0,1184
PAX2,1,0,1185
PAX5,1,0,1186
C1QBP,1,1,1187
PBX1,1,0,1188
C1GALT1C1,1,0,1189
BRWD3,1,0,1190
P4HTM,1,0,1191
PCDHGC4,1,0,1192
PCSK9,1,0,1193
PDE10A,1,1,1194
PDE1C,1,0,1195
PDE3A,1,0,1196
PDE6C,1,0,1197
BRSK2,1,0,1198
PDZRN3,1,0,1199
PEX10,1,0,1200
PEX26,1,0,1201
PADI3,1,0,1202
CA12,1,0,1203
DPYSL2,1,0,1204
NTRK2,1,0,1205
CANT1,1,0,1206
NOTCH2,1,0,1207
CALM3,1,0,1208
NR0B1,1,0,1209
NR2F2,1,1,1210
NR3C1,1,0,1211
NRL,1,0,1212
NSUN2,1,0,1213
NT5C2,1,0,1214
NTRK1,1,0,1215
NUBPL,1,0,1216
CA2,1,0,1217
NYX,1,0,1218
OAS2,1,0,1219
OBSCN,1,0,1220
CACNA1D,1,0,1221
OGDH,1,0,1222
CACNA1A,1,0,1223
OPHN1,1,0,1224
OPLAH,1,0,1225
OPN1MW,1,0,1226
ORAI1,1,0,1227
MOS,1,0,1228
MN1,1,0,1229
KAT6A,1,0,1230
CERKL,1,1,1231
KIF22,1,0,1232
KIF5A,1,0,1233
KIF5B,1,0,1234
KITLG,1,0,1235
KLHL17,1,0,1236
CLCNKB,1,0,1237
KMT2A,1,0,1238
KMT2B,1,0,1239
KMT2C,1,0,1240
KMT5B,1,0,1241
KPNA7,1,0,1242
CLCN4,1,0,1243
KRT10,1,0,1244
KRT14,1,0,1245
KRT2,1,0,1246
CLCC1,1,1,1247
KRT6A,1,1,1248
KRT74,1,0,1249
KRT86,1,0,1250
CHST3,1,0,1251
LAMA2,1,0,1252
LARS2,1,1,1253
LCAT,1,0,1254
KICS2,1,0,1255
KDM6A,1,0,1256
KDM2A,1,0,1257
KCNK3,1,0,1258
KATNIP,1,0,1259
KCNA2,1,0,1260
KCNA3,1,1,1261
CLPB,1,0,1262
KCNC2,1,0,1263
KCNC3,1,0,1264
KCNE2,1,0,1265
CLN8,1,0,1266
KCNJ1,1,0,1267
KCNJ11,1,0,1268
KCNK4,1,1,1269
KDF1,1,0,1270
CLN3,1,0,1271
CLEC3B,1,0,1272
KCNQ3,1,0,1273
KCNQ4,1,0,1274
CLDN5,1,0,1275
CLDN16,1,0,1276
KCNT2,1,0,1277
CLDN10,1,0,1278
KCTD19,1,0,1279
KCTD7,1,0,1280
LCT,1,0,1281
CHRND,1,0,1282
LEP,1,0,1283
CFAP298,1,0,1284
MAPT,1,0,1285
MATN3,1,0,1286
MAX,1,1,1287
MC2R,1,0,1288
MCFD2,1,0,1289
MCIDAS,1,0,1290
MCM3AP,1,0,1291
MCOLN1,1,0,1292
CFAP43,1,0,1293
MEFV,1,1,1294
CERT1,1,0,1295
MAP3K7,1,0,1296
MFSD2A,1,0,1297
MFSD8,1,1,1298
MINPP1,1,0,1299
CERS3,1,0,1300
CERS1,1,0,1301
MMAB,1,0,1302
MMADHC,1,0,1303
MMP2,1,0,1304
MMP20,1,0,1305
MMP21,1,0,1306
MAPK1,1,0,1307
CHD5,1,0,1308
LFNG,1,0,1309
LOXHD1,1,1,1310
LHCGR,1,1,1311
LHX2,1,0,1312
LHX4,1,0,1313
LIAS,1,0,1314
CHRNB1,1,0,1315
LIPC,1,0,1316
LIPH,1,1,1317
LMBRD2,1,0,1318
CHRNA4,1,0,1319
LONP1,1,0,1320
CHN1,1,0,1321
MAGEL2,1,0,1322
LRIG2,1,0,1323
LRMDA,1,0,1324
LRP1,1,0,1325
LRP2,1,0,1326
LRP4,1,0,1327
CHMP2B,1,0,1328
LRRK2,1,0,1329
LSS,1,0,1330
CHKA,1,0,1331
MAG,1,0,1332
ZNF526,1,0,1333
