basis,substitution,aa_substitutions_reachable,theoretical_coding_opportunity,pathogenic_alleles_accessible,pathogenic_allele_pct,theoretical_pct,obs_exp_ratio
exact allele match,G>A,15,4566757,15596,22.278090449390053,7.832385307591068,2.8443557836459292
exact allele match,C>T,11,3432865,8960,12.798902951175615,5.887661942368208,2.1738515350335286
exact allele match,T>C,11,3619380,7928,11.324743593406279,6.207551383747583,1.8243495532000538
exact allele match,G>T,20,5174563,6472,9.244921863840244,8.874825442738546,1.0417018254037338
exact allele match,A>G,15,5216226,6484,9.262063251721282,8.94628111009071,1.0352975876506265
exact allele match,G>C,18,5961225,6510,9.299202925463531,10.224019168360515,0.9095447467705321
exact allele match,T>G,20,4682239,3669,5.240979344627603,8.030446978069973,0.652638559091416
exact allele match,C>G,18,5375798,3870,5.528097591635003,9.219960963935117,0.5995792838233003
exact allele match,C>A,18,4894563,3248,4.63960231980116,8.394601098389701,0.5526888371969401
exact allele match,T>A,20,4332730,2685,3.8353855383824245,7.43100865532347,0.5161325623857009
exact allele match,A>C,18,5726786,2501,3.572550924206497,9.821935900271948,0.36373185087754245
exact allele match,A>T,20,5322950,2083,2.975459246350313,9.129322049113162,0.32592335228653196
