dataset	accession	sample	file	condition	exposure	replicate	genome_build	lifted_to	bytes	sha256	retrieved	note	cell_line	treatment	records	source	version_or_release
CLAPS-seq	GSE181312	GSM5494642	GSM5494642_WildType_rep1.G.bw	WildType	endogenous	1.0	GRCh37/hg19 (verified from bigWig chrom sizes)	GRCh38 via UCSC hg19ToHg38 chain	152707614.0	a278bf7180297755c41c1068d5733153993acc2b5c68eff23d66ca301ffad216	2026-08-26	base-resolution bigWig; threshold >=1.0 signal, stated as a threshold not a detection guarantee					
CLAPS-seq	GSE181312	GSM5494643	GSM5494643_WildType_rep2.G.bw	WildType	endogenous	2.0	GRCh37/hg19 (verified from bigWig chrom sizes)	GRCh38 via UCSC hg19ToHg38 chain	100350741.0	5f87cae0eb6fecb0f07ea954bf89a75dd684213d3275a67767147d6f97a822ce	2026-08-26	base-resolution bigWig; threshold >=1.0 signal, stated as a threshold not a detection guarantee					
CLAPS-seq	GSE181312	GSM5494644	GSM5494644_WildType_rep3.G.bw	WildType	endogenous	3.0	GRCh37/hg19 (verified from bigWig chrom sizes)	GRCh38 via UCSC hg19ToHg38 chain	135542325.0	5c5f8986f9b04f8d92a095ae5b968e97f610311cfaac45d5254b90f51167407b	2026-08-26	base-resolution bigWig; threshold >=1.0 signal, stated as a threshold not a detection guarantee					
CLAPS-seq	GSE181312	GSM5494645	GSM5494645_Vitro_rep1.G.bw	Vitro	induced_in_vitro	1.0	GRCh37/hg19 (verified from bigWig chrom sizes)	GRCh38 via UCSC hg19ToHg38 chain	160274490.0	fd65b81ac957d7d564ef7fee742008b882f7c15dcae5ebd4bb4e884ab06b48ee	2026-08-26	base-resolution bigWig; threshold >=1.0 signal, stated as a threshold not a detection guarantee					
CLAPS-seq	GSE181312	GSM5494646	GSM5494646_Vitro_rep2.G.bw	Vitro	induced_in_vitro	2.0	GRCh37/hg19 (verified from bigWig chrom sizes)	GRCh38 via UCSC hg19ToHg38 chain	166343231.0	0b79023333503c29d95237b99904bb4e1bb258a63d0cd6f4150c8b99faa83929	2026-08-26	base-resolution bigWig; threshold >=1.0 signal, stated as a threshold not a detection guarantee					
CLAPS-seq	GSE181312	GSM5494647	GSM5494647_Vivo_rep1.G.bw	Vivo	induced_in_vivo	1.0	GRCh37/hg19 (verified from bigWig chrom sizes)	GRCh38 via UCSC hg19ToHg38 chain	141900295.0	94b03fe64616cd30bcae90b75bf4824025e72b2014025623a9bfb79148d11a9c	2026-08-26	base-resolution bigWig; threshold >=1.0 signal, stated as a threshold not a detection guarantee					
CLAPS-seq	GSE181312	GSM5494648	GSM5494648_Vivo_rep2.G.bw	Vivo	induced_in_vivo	2.0	GRCh37/hg19 (verified from bigWig chrom sizes)	GRCh38 via UCSC hg19ToHg38 chain	142606590.0	8cda067ff564ed9ce4c1c7a03ea86ae30222368131ada6553a741dc603e60f82	2026-08-26	base-resolution bigWig; threshold >=1.0 signal, stated as a threshold not a detection guarantee					
Click-code-seq	GSE295218	GSM8943850	GSM8943850_OG_HAP1_DMSO_Rep1.tsv.gz			1.0	GRCh38 (chr naming, verified by CDS concordance)		67913581.0	bb2fb05bba999eba26e969faed1931e116939d80102cef3d2cd72fcb0a888509	2026-08-26	headerless TSV: chrom, position, strand, base, MAPQ	HAP1	DMSO			
Click-code-seq	GSE295218	GSM8943851	GSM8943851_OG_HAP1_DMSO_Rep2.tsv.gz			2.0	GRCh38 (chr naming, verified by CDS concordance)		43788691.0	6cdb330f71b5acd1c464ed2dcc5d5926ccb4f4c5048633807574dbc149f06a76	2026-08-26	headerless TSV: chrom, position, strand, base, MAPQ	HAP1	DMSO			
Click-code-seq	GSE295218	GSM8943852	GSM8943852_OG_HAP1_DMSO_Rep3.tsv.gz			3.0	GRCh38 (chr naming, verified by CDS concordance)		60271702.0	b4019e9bfb7ee54e979c8c6b26e74a1a569bc8fee7f5bea64a42d527d95d2952	2026-08-26	headerless TSV: chrom, position, strand, base, MAPQ	HAP1	DMSO			
Click-code-seq	GSE295218	GSM8943853	GSM8943853_OG_HAP1_GSK-3484862_Rep1.tsv.gz			1.0	GRCh38 (chr naming, verified by CDS concordance)		43967412.0	52ae315a109274e3762834e92fc6d5dfc578f3f50899af9ebbd13fb370615703	2026-08-26	headerless TSV: chrom, position, strand, base, MAPQ	HAP1	GSK-3484862			
Click-code-seq	GSE295218	GSM8943854	GSM8943854_OG_HAP1_GSK-3484862_Rep2.tsv.gz			2.0	GRCh38 (chr naming, verified by CDS concordance)		57618422.0	017392a4b2be1543e9295701fc7f3ade3adf3fbb943ee24eb92502e790674fdd	2026-08-26	headerless TSV: chrom, position, strand, base, MAPQ	HAP1	GSK-3484862			
Click-code-seq	GSE295218	GSM8943855	GSM8943855_OG_HAP1_GSK-3484862_Rep3.tsv.gz			3.0	GRCh38 (chr naming, verified by CDS concordance)		80331835.0	ae8b17122aae5d0fbe1ae898de63cf60fee3b13999726b8c5779781fda21dbd8	2026-08-26	headerless TSV: chrom, position, strand, base, MAPQ	HAP1	GSK-3484862			
Click-code-seq	GSE295218	GSM8943856	GSM8943856_OG_U2OS_DMSO_Rep1.tsv.gz			1.0	GRCh38 (chr naming, verified by CDS concordance)		45149574.0	825e5c2e212d86aceaeebc809ea895ca817c0417fb10e2b921378630c9955a6c	2026-08-26	headerless TSV: chrom, position, strand, base, MAPQ	U2OS	DMSO			
Click-code-seq	GSE295218	GSM8943857	GSM8943857_OG_U2OS_DMSO_Rep2.tsv.gz			2.0	GRCh38 (chr naming, verified by CDS concordance)		24984136.0	8becb3b424b9c19f3a091b06ff0561ba6def25c0eb027d64ca0da03275bd5717	2026-08-26	headerless TSV: chrom, position, strand, base, MAPQ	U2OS	DMSO			
Click-code-seq	GSE295218	GSM8943858	GSM8943858_OG_U2OS_DMSO_Rep3.tsv.gz			3.0	GRCh38 (chr naming, verified by CDS concordance)		53947997.0	b52db0632ffd0b084b4182e5486e3f7d2efb942b0094b237e533fd0d9ed8aca1	2026-08-26	headerless TSV: chrom, position, strand, base, MAPQ	U2OS	DMSO			
Click-code-seq	GSE295218	GSM8943859	GSM8943859_OG_U2OS_GSK-3484862_Rep1.tsv.gz			1.0	GRCh38 (chr naming, verified by CDS concordance)		55183015.0	fc4c175955b752e856e07cb3f3cfca6a5c8f9763ae00c2ef26c0c562ba2f2034	2026-08-26	headerless TSV: chrom, position, strand, base, MAPQ	U2OS	GSK-3484862			
Click-code-seq	GSE295218	GSM8943860	GSM8943860_OG_U2OS_GSK-3484862_Rep2.tsv.gz			2.0	GRCh38 (chr naming, verified by CDS concordance)		41731126.0	ec67db498e938b1fa2f15c774e3e54301b9671f58bac4566edcaf56b3fbddc3f	2026-08-26	headerless TSV: chrom, position, strand, base, MAPQ	U2OS	GSK-3484862			
Click-code-seq	GSE295218	GSM8943861	GSM8943861_OG_U2OS_GSK-3484862_Rep3.tsv.gz			3.0	GRCh38 (chr naming, verified by CDS concordance)		40057066.0	d8ab13ecad058e5b6fa11adc6b1c6d78b4d82a981a732cb1124a72ce12b9b2c8	2026-08-26	headerless TSV: chrom, position, strand, base, MAPQ	U2OS	GSK-3484862			
CLAPS-seq repair dynamics	Zenodo 15873879	1h_rep1	claps-seq_U2OS_WT_1h_rep1_{fwd,rev}.bw				GRCh38 (native, verified from bigWig chrom sizes)				2026-08-27	reverse-strand tracks negative-signed; absolute value used			141058.0		
CLAPS-seq repair dynamics	Zenodo 15873879	1h_rep2	claps-seq_U2OS_WT_1h_rep2_{fwd,rev}.bw				GRCh38 (native, verified from bigWig chrom sizes)				2026-08-27	reverse-strand tracks negative-signed; absolute value used			82834.0		
CLAPS-seq repair dynamics	Zenodo 15873879	1h_rep3	claps-seq_U2OS_WT_1h_rep3_{fwd,rev}.bw				GRCh38 (native, verified from bigWig chrom sizes)				2026-08-27	reverse-strand tracks negative-signed; absolute value used			83109.0		
CLAPS-seq repair dynamics	Zenodo 15873879	1h_rep4	claps-seq_U2OS_WT_1h_rep4_{fwd,rev}.bw				GRCh38 (native, verified from bigWig chrom sizes)				2026-08-27	reverse-strand tracks negative-signed; absolute value used			71563.0		
CLAPS-seq repair dynamics	Zenodo 15873879	3h_rep1	claps-seq_U2OS_WT_3h_rep1_{fwd,rev}.bw				GRCh38 (native, verified from bigWig chrom sizes)				2026-08-27	reverse-strand tracks negative-signed; absolute value used			99058.0		
CLAPS-seq repair dynamics	Zenodo 15873879	3h_rep2	claps-seq_U2OS_WT_3h_rep2_{fwd,rev}.bw				GRCh38 (native, verified from bigWig chrom sizes)				2026-08-27	reverse-strand tracks negative-signed; absolute value used			95202.0		
CLAPS-seq repair dynamics	Zenodo 15873879	3h_rep3	claps-seq_U2OS_WT_3h_rep3_{fwd,rev}.bw				GRCh38 (native, verified from bigWig chrom sizes)				2026-08-27	reverse-strand tracks negative-signed; absolute value used			113365.0		
CLAPS-seq repair dynamics	Zenodo 15873879	3h_rep4	claps-seq_U2OS_WT_3h_rep4_{fwd,rev}.bw				GRCh38 (native, verified from bigWig chrom sizes)				2026-08-27	reverse-strand tracks negative-signed; absolute value used			85400.0		
CLAPS-seq repair dynamics	Zenodo 15873879	12h_rep1	claps-seq_U2OS_WT_12h_rep1_{fwd,rev}.bw				GRCh38 (native, verified from bigWig chrom sizes)				2026-08-27	reverse-strand tracks negative-signed; absolute value used			90404.0		
CLAPS-seq repair dynamics	Zenodo 15873879	12h_rep2	claps-seq_U2OS_WT_12h_rep2_{fwd,rev}.bw				GRCh38 (native, verified from bigWig chrom sizes)				2026-08-27	reverse-strand tracks negative-signed; absolute value used			99124.0		
CLAPS-seq repair dynamics	Zenodo 15873879	12h_rep3	claps-seq_U2OS_WT_12h_rep3_{fwd,rev}.bw				GRCh38 (native, verified from bigWig chrom sizes)				2026-08-27	reverse-strand tracks negative-signed; absolute value used			57045.0		
CLAPS-seq repair dynamics	Zenodo 15873879	12h_rep4	claps-seq_U2OS_WT_12h_rep4_{fwd,rev}.bw				GRCh38 (native, verified from bigWig chrom sizes)				2026-08-27	reverse-strand tracks negative-signed; absolute value used			68158.0		
CLAPS-seq repair dynamics	Zenodo 15873879	1h-i	claps-seq_U2OS_WT_1h-i_{fwd,rev}.bw				GRCh38 (native, verified from bigWig chrom sizes)				2026-08-27	reverse-strand tracks negative-signed; absolute value used			81188.0		
CLAPS-seq repair dynamics	Zenodo 15873879	vitro	claps-seq_U2OS_WT_vitro_{fwd,rev}.bw				GRCh38 (native, verified from bigWig chrom sizes)				2026-08-27	reverse-strand tracks negative-signed; absolute value used			158627.0		
