dataset	sample	bp_queried	bases_with_signal	lift_or_cds_fail	not_coding_C	retained	input	not_G	no_cds	strand_fail	codon_fail	pct_retained
base-resolution map	WildType_rep1	33579420.0	4713892.0	40865.0	3443653.0	1229374						
base-resolution map	WildType_rep2	33579420.0	8031995.0	69147.0	5896809.0	2066039						
base-resolution map	WildType_rep3	33579420.0	2846421.0	22929.0	2095964.0	727528						
base-resolution map	Vitro_rep1	33579420.0	4866856.0	41854.0	3571775.0	1253227						
base-resolution map	Vitro_rep2	33579420.0	1740191.0	15642.0	1285936.0	438613						
base-resolution map	Vivo_rep1	33579420.0	3806273.0	34110.0	2752406.0	1019757						
base-resolution map	Vivo_rep2	33579420.0	4652244.0	41305.0	3315400.0	1295539						
Click-code-seq	HAP1_DMSO_rep1					46424	22467843.0	0.0	22130319.0	166816.0	124284.0	0.2066
Click-code-seq	HAP1_DMSO_rep2					26877	15147330.0	0.0	14948217.0	98984.0	73252.0	0.1774
Click-code-seq	HAP1_DMSO_rep3					43652	19207889.0	0.0	18915677.0	143458.0	105102.0	0.2273
Click-code-seq	HAP1_GSK-3484862_rep1					24675	14528819.0	0.0	14348231.0	89439.0	66474.0	0.1698
Click-code-seq	HAP1_GSK-3484862_rep2					34454	19075789.0	0.0	18852652.0	110166.0	78517.0	0.1806
Click-code-seq	HAP1_GSK-3484862_rep3					46417	26526230.0	0.0	26188005.0	167796.0	124012.0	0.175
Click-code-seq	U2OS_DMSO_rep1					24927	14450243.0	0.0	14248968.0	100006.0	76342.0	0.1725
Click-code-seq	U2OS_DMSO_rep2					10645	7963224.0	0.0	7876176.0	43291.0	33112.0	0.1337
Click-code-seq	U2OS_DMSO_rep3					38578	17726587.0	0.0	17467304.0	126275.0	94430.0	0.2176
Click-code-seq	U2OS_GSK-3484862_rep1					25131	17957357.0	0.0	17746727.0	103934.0	81565.0	0.1399
Click-code-seq	U2OS_GSK-3484862_rep2					22620	13605697.0	0.0	13422611.0	90343.0	70123.0	0.1663
Click-code-seq	U2OS_GSK-3484862_rep3					17646	12110700.0	0.0	11950629.0	79621.0	62804.0	0.1457
