source,pathway_id,pathway_name,n_genes,odds_ratio,ci_lower,ci_upper,p_value,q_value
Reactome,R-HSA-109582,Hemostasis,96,1.5060973559522624,0.9470419197233363,2.395173010154664,0.08360817829912945,0.6911609406061368
Reactome,R-HSA-111885,Opioid Signalling,20,2.2402020611842293,0.8376750373809374,5.9909929877161625,0.1080370002179935,0.7906483755300746
Reactome,R-HSA-112314,Neurotransmitter receptors and postsynaptic signal transmission,47,1.4057829850078798,0.7584352381064448,2.6056618965537908,0.27934526725898423,0.8446789696795654
Reactome,R-HSA-112315,Transmission across Chemical Synapses,55,1.2056606015747122,0.6449934065272921,2.2536935594674,0.5578689933427559,0.9233729077676118
Reactome,R-HSA-112316,Neuronal System,78,1.0871544532438822,0.6667269175287027,1.7726969980286162,0.7376398068781241,0.9782602786405068
Reactome,R-HSA-114608,Platelet degranulation ,23,2.5305291930478275,1.4501870554724028,4.415691046684529,0.0010809963347196275,0.08326326250129794
Reactome,R-HSA-1169410,Antimicrobial mechanism of IFN-stimulated genes,28,1.0240316897981159,0.4059960393028244,2.5828845609220927,0.9598751132498508,0.9874251441217285
Reactome,R-HSA-1257604,PIP3 activates AKT signaling,36,0.30171272690532486,0.07045996966852525,1.2919473284603311,0.10635189970524007,0.7906483755300746
Reactome,R-HSA-1266738,Developmental Biology,225,1.14402936427703,0.798942788001476,1.638168847611761,0.46259513508256256,0.9105047103212343
Reactome,R-HSA-1280215,Cytokine Signaling in Immune system,77,1.1224121648400653,0.6272016998721712,2.008618707566834,0.6973324109972705,0.9718589835368929
Reactome,R-HSA-1280218,Adaptive Immune System,120,0.9819374727116654,0.589646348943037,1.635219487144691,0.9441533041600779,0.9874251441217285
Reactome,R-HSA-1296071,Potassium Channels,26,0.832259157249206,0.42894433526963643,1.614790656670526,0.5871621478468434,0.9233729077676118
Reactome,R-HSA-1428517,Aerobic respiration and respiratory electron transport,33,0.2611388802389739,0.03391841210589334,2.0105161338203246,0.1972742805225839,0.809355085672245
Reactome,R-HSA-1430728,Metabolism,297,0.587585114515075,0.406674797723761,0.8489738452743104,0.004625691087527197,0.1906434582124108
Reactome,R-HSA-1474228,Degradation of the extracellular matrix,22,1.2818361779413847,0.4132574572939228,3.9759814567865033,0.6672568069688437,0.9571106541828432
Reactome,R-HSA-1474244,Extracellular matrix organization,49,1.0708938104520758,0.5413229973729479,2.1185383935840103,0.8440022700871761,0.9874251441217285
Reactome,R-HSA-1500931,Cell-Cell communication,48,1.3123355354369588,0.5575185002967888,3.0890895219688708,0.5337343655435502,0.9233729077676118
Reactome,R-HSA-157118,Signaling by NOTCH,26,1.0010876164766893,0.3493013009355024,2.8690887012986774,0.9983854728255223,0.9983854728255223
Reactome,R-HSA-157858,Gap junction trafficking and regulation,20,2.5087941205918187,1.1037107985346062,5.702624227173156,0.02812478129148117,0.5330189759945413
Reactome,R-HSA-162582,Signal Transduction,293,1.0316325320517021,0.7117394491613853,1.4953023644275845,0.8693814930176917,0.9874251441217285
Reactome,R-HSA-1632852,Macroautophagy,23,0.6731568250819587,0.20087235757109795,2.2558609687947517,0.5212240245404746,0.9233729077676118
Reactome,R-HSA-163685,Integration of energy metabolism,24,1.1393080202597143,0.43390224771757513,2.99150965881372,0.7911645283614894,0.9874251441217285
Reactome,R-HSA-1640170,Cell Cycle,62,0.9136574314480969,0.4255760510412076,1.9615058225151507,0.8168060184162418,0.9874251441217285
Reactome,R-HSA-1643685,Disease,330,0.7264023518570093,0.5237056937963511,1.0075513461737942,0.055501156490121814,0.6596167234357375
Reactome,R-HSA-166520,Signaling by NTRKs,27,0.9110750219008843,0.3205505506841413,2.5894751818710957,0.8612808976145839,0.9874251441217285
Reactome,R-HSA-168249,Innate Immune System,113,0.8365122812664563,0.506527536384264,1.381470396860639,0.485517390697195,0.9233729077676118
Reactome,R-HSA-168256,Immune System,221,0.9348511226009965,0.639804500447598,1.3659588527697806,0.7276994056051557,0.9782602786405068
Reactome,R-HSA-168898,Toll-like Receptor Cascades,21,1.2660938941270277,0.4047675775572657,3.96028199298881,0.6851023283796089,0.9705409370375321
Reactome,R-HSA-170834,Signaling by TGF-beta Receptor Complex,21,0.5472739698112398,0.13167374896251796,2.274628013501853,0.4069108426894127,0.8852813427596433
Reactome,R-HSA-1852241,Organelle biogenesis and maintenance,52,1.3780734604397555,0.6842908464121752,2.775262115992866,0.3692672135764523,0.8852813427596433
Reactome,R-HSA-187037,Signaling by NTRK1 (TRKA),23,1.2525879842087708,0.450372846960745,3.4837283570093778,0.6660781780561339,0.9571106541828432
Reactome,R-HSA-190828,Gap junction trafficking,20,2.5087941205918187,1.1037107985346062,5.702624227173156,0.02812478129148117,0.5330189759945413
Reactome,R-HSA-194138,Signaling by VEGF,22,0.6230833303259428,0.14375228674979507,2.700707204789014,0.5272340734609626,0.9233729077676118
Reactome,R-HSA-194315,Signaling by Rho GTPases,77,1.1667040147034853,0.6424867861806173,2.1186400828834593,0.6124770214678033,0.924886112948704
Reactome,R-HSA-195258,RHO GTPase Effectors,48,1.597107490634989,0.8588118581878459,2.9700944535449945,0.1391017179761028,0.809355085672245
Reactome,R-HSA-195721,Signaling by WNT,41,0.9355050497313587,0.37205140590661795,2.3522816583376462,0.887303613038487,0.9874251441217285
Reactome,R-HSA-196849,Metabolism of water-soluble vitamins and cofactors,23,0.6603281480929494,0.16298169250085318,2.6753511788545303,0.5609709756512335,0.9233729077676118
Reactome,R-HSA-196854,Metabolism of vitamins and cofactors,41,1.0400500854988108,0.5615384055469952,1.9263227050203173,0.900621183799384,0.9874251441217285
Reactome,R-HSA-199418,Negative regulation of the PI3K/AKT network,24,0.5411164249518824,0.1232906803353574,2.3749320269484695,0.4157619907815542,0.8852813427596433
Reactome,R-HSA-199977,ER to Golgi Anterograde Transport,23,2.073767235176422,0.969537566472567,4.435630649504024,0.06007410597741389,0.6596167234357375
Reactome,R-HSA-199991,Membrane Trafficking,71,1.7862593992037856,1.0574674324029736,3.017324735943231,0.030089780902917654,0.5330189759945413
Reactome,R-HSA-201681,TCF dependent signaling in response to WNT,22,0.3165971287055453,0.04026939542720229,2.489079879180082,0.2743006525680669,0.8446789696795654
Reactome,R-HSA-212165,Epigenetic regulation of gene expression,37,1.07409094049182,0.46038128402745754,2.5059041026910998,0.8686592397715257,0.9874251441217285
Reactome,R-HSA-212436,Generic Transcription Pathway,136,0.9835799681839998,0.6375332854321025,1.5174573248471896,0.9403413614264822,0.9874251441217285
Reactome,R-HSA-2132295,MHC class II antigen presentation,20,2.2710141206683647,0.9266969185896637,5.565471334602356,0.07288751110366243,0.6596167234357375
Reactome,R-HSA-2187338,Visual phototransduction,23,0.9488755598005268,0.4788186423976114,1.880387997172214,0.8804615177997438,0.9874251441217285
Reactome,R-HSA-2219528,PI3K/AKT Signaling in Cancer,20,0.24825769257315955,0.033234399449066455,1.8544605271475914,0.17445312074509378,0.809355085672245
Reactome,R-HSA-2262752,Cellular responses to stress,80,1.1447154332383183,0.667736041295285,1.9624123037482106,0.6231012378254215,0.9308982348235213
Reactome,R-HSA-2454202,Fc epsilon receptor (FCERI) signaling,20,1.3438491502364462,0.4347340064989162,4.154104605561197,0.6077630606083659,0.9246947179808267
Reactome,R-HSA-2555396,Mitotic Metaphase and Anaphase,23,1.3043977200509247,0.4966014736348145,3.426194851216344,0.5896467273768681,0.9233729077676118
Reactome,R-HSA-2990846,SUMOylation,27,1.0587145979117294,0.5123700478735833,2.187630999281106,0.8775432175993136,0.9874251441217285
Reactome,R-HSA-3000171,Non-integrin membrane-ECM interactions,22,1.037670387309141,0.406359521173748,2.6497713886170033,0.9383773627853449,0.9874251441217285
Reactome,R-HSA-3108232,SUMO E3 ligases SUMOylate target proteins,27,1.0587145979117294,0.5123700478735833,2.187630999281106,0.8775432175993136,0.9874251441217285
Reactome,R-HSA-3247509,Chromatin modifying enzymes,39,0.7590572725904373,0.29619867789961385,1.9452076800548896,0.5658469201650729,0.9233729077676118
Reactome,R-HSA-3700989,Transcriptional Regulation by TP53,39,0.36837717642953427,0.11122469971694955,1.220068424185789,0.10216327878601149,0.7906483755300746
Reactome,R-HSA-372790,Signaling by GPCR,66,1.6681642424814398,0.8141477413261757,3.418018375093423,0.1620539730194669,0.809355085672245
Reactome,R-HSA-373076,Class A/1 (Rhodopsin-like receptors),22,0.6761762045454323,0.16681298232695296,2.74087935612426,0.5837012015165963,0.9233729077676118
Reactome,R-HSA-373760,L1CAM interactions,38,1.3308396834661596,0.858317129985376,2.06349634792735,0.20151682037322338,0.809355085672245
Reactome,R-HSA-375165,NCAM signaling for neurite out-growth,20,0.970172104555582,0.2189188783591871,4.299464347307201,0.9681994618795308,0.9874251441217285
Reactome,R-HSA-3781865,Diseases of glycosylation,32,0.7705965663584458,0.31873124189025465,1.86307142206,0.5628902714109185,0.9233729077676118
Reactome,R-HSA-381426,Regulation of Insulin-like Growth Factor (IGF) transport and uptake by Insulin-like Growth Factor Binding Proteins (IGFBPs),21,0.9284372630792996,0.25767145925669244,3.3453287917908683,0.9096041318655158,0.9874251441217285
Reactome,R-HSA-382551,Transport of small molecules,109,1.140224888058204,0.7368110078578225,1.7645132625355917,0.5558374174839877,0.9233729077676118
Reactome,R-HSA-3858494,Beta-catenin independent WNT signaling,20,1.7854578318200711,0.6886229634303971,4.629325245453922,0.2330550639724377,0.8376471864516601
Reactome,R-HSA-388396,GPCR downstream signalling,63,1.5071135865535632,0.6682955173810181,3.398782879280255,0.3228382143593498,0.8746676772491367
Reactome,R-HSA-388841,Regulation of T cell activation by CD28 family,35,0.417331900713213,0.10472526335801595,1.6630745034032126,0.21539288570309745,0.809355085672245
Reactome,R-HSA-389948,Co-inhibition by PD-1,24,0.27342212611453975,0.04163743875735131,1.7954913001414163,0.1768653278092911,0.809355085672245
Reactome,R-HSA-392499,Metabolism of proteins,209,1.0717576536191937,0.7173831072263254,1.6011869481182675,0.7351014317188584,0.9782602786405068
Reactome,R-HSA-397014,Muscle contraction,54,1.7922068409427796,1.2546113370721856,2.5601596811788507,0.001342955846795128,0.08326326250129794
Reactome,R-HSA-416476,G alpha (q) signalling events,25,1.2746648822156013,0.2287917995997338,7.101524463709856,0.7818351679502631,0.9874251441217285
Reactome,R-HSA-418594,G alpha (i) signalling events,30,2.2558503915488624,0.8355525519974573,6.090414034264888,0.10839534180654248,0.7906483755300746
Reactome,R-HSA-418990,Adherens junctions interactions,31,1.9488210942202389,0.7760213533781051,4.89407107258722,0.15553672837639976,0.809355085672245
Reactome,R-HSA-421270,Cell-cell junction organization,35,1.8425813010588596,0.7363353039455225,4.610814981734117,0.19156126574998034,0.809355085672245
Reactome,R-HSA-422475,Axon guidance,83,1.33350578392305,0.8854642570608121,2.008254609462008,0.1682923404344302,0.809355085672245
Reactome,R-HSA-425407,SLC-mediated transmembrane transport,36,1.463191061471947,0.7589238846560984,2.8210050120395818,0.25579037777529867,0.8446789696795654
Reactome,R-HSA-438064,Post NMDA receptor activation events,26,1.7212631021000855,0.8782333653046862,3.3735300703627242,0.11369552832633133,0.8044740078509834
Reactome,R-HSA-4420097,VEGFA-VEGFR2 Pathway,21,0.6348292156926456,0.14597775048123257,2.760750400443742,0.5445770628467832,0.9233729077676118
Reactome,R-HSA-442755,Activation of NMDA receptors and postsynaptic events,29,1.6466859250000916,0.8408805756045531,3.2246844727551403,0.14578607912864533,0.809355085672245
Reactome,R-HSA-446203,Asparagine N-linked glycosylation,38,1.487101720432378,0.7362785916952475,3.003579829506013,0.2685456864571112,0.8446789696795654
Reactome,R-HSA-446728,Cell junction organization,41,1.710973240561553,0.7392454578155639,3.9600235604668037,0.20971168962533926,0.809355085672245
Reactome,R-HSA-449147,Signaling by Interleukins,42,1.0586205062630596,0.46493001716167864,2.4104216439330113,0.8920623656442243,0.9874251441217285
Reactome,R-HSA-453274,Mitotic G2-G2/M phases,25,1.0931142795398046,0.3759381598475098,3.1784451693291995,0.8701345806514115,0.9874251441217285
Reactome,R-HSA-4839726,Chromatin organization,54,0.5379008612450186,0.20906267071984247,1.3839741716294416,0.19842937039010822,0.809355085672245
Reactome,R-HSA-500792,GPCR ligand binding,30,1.8478610883518307,0.6941507829882316,4.919090614787511,0.21899949800833707,0.8097919470585645
Reactome,R-HSA-5357801,Programmed Cell Death,22,0.5423642223959061,0.13248278056164328,2.220356098264754,0.39489134338658805,0.8852813427596433
Reactome,R-HSA-556833,Metabolism of lipids,96,0.45344841206472397,0.23858867318637597,0.861798926403355,0.015779440708456875,0.3913301295697305
Reactome,R-HSA-5576891,Cardiac conduction,37,1.8885599115376857,1.2827670701906995,2.7804412993989644,0.0012736476353189647,0.08326326250129794
Reactome,R-HSA-5617833,Cilium Assembly,40,1.2056146189482237,0.5134478349089211,2.8308749411310767,0.6676618676356124,0.9571106541828432
Reactome,R-HSA-5619102,SLC transporter disorders,25,0.9865109845043856,0.41493700208716017,2.345425733671697,0.975480485120256,0.9874251441217285
Reactome,R-HSA-5619115,Disorders of transmembrane transporters,40,0.717793515511885,0.32337418323134853,1.5932859134345496,0.4150538658583327,0.8852813427596433
Reactome,R-HSA-5653656,Vesicle-mediated transport,82,1.7305308974478701,1.0394113709830206,2.8811857082046983,0.03497733060060969,0.5421486243094502
Reactome,R-HSA-5663202,Diseases of signal transduction by growth factor receptors and second messengers,85,0.7498911882101075,0.4210098445271153,1.3356856174866696,0.3284434423319186,0.8746676772491367
Reactome,R-HSA-5663205,Infectious disease,123,1.0460886302606387,0.6204357305056656,1.7637627373083515,0.8657518811640385,0.9874251441217285
Reactome,R-HSA-5663220,RHO GTPases Activate Formins,20,1.5958474676970773,0.595559797500737,4.276193844585391,0.3526593701508819,0.8843636370254774
Reactome,R-HSA-5668914,Diseases of metabolism,87,0.4781276462195429,0.284366104039511,0.8039145412621924,0.00538106535276966,0.1906434582124108
Reactome,R-HSA-5673001,RAF/MAP kinase cascade,50,0.9048864070952904,0.4140879345555101,1.9774046559090404,0.8021312145014026,0.9874251441217285
Reactome,R-HSA-5683057,MAPK family signaling cascades,59,0.9000139667941796,0.4363183250951476,1.8565003893612602,0.7755115536348544,0.9874251441217285
Reactome,R-HSA-5684996,MAPK1/MAPK3 signaling,51,0.8583318010368379,0.39251720347342606,1.8769457087529153,0.7019516463125399,0.9718589835368929
Reactome,R-HSA-5688426,Deubiquitination,25,0.7316633584093891,0.2778618641143061,1.926609366655235,0.5270683700898857,0.9233729077676118
Reactome,R-HSA-597592,Post-translational protein modification,137,1.075631859740272,0.6723390652581155,1.7208339623165319,0.7610462332588458,0.9830180512926758
Reactome,R-HSA-611105,Respiratory electron transport,21,0.6536930019796897,0.08432825512293209,5.067275970720465,0.6841061049452399,0.9705409370375321
Reactome,R-HSA-6798695,Neutrophil degranulation,46,0.5713165864424724,0.2705094558866041,1.2066219307361477,0.14221296392512195,0.809355085672245
Reactome,R-HSA-6802952,Signaling by BRAF and RAF1 fusions,20,0.982971388804759,0.34822954499952813,2.7747006682332658,0.9741212073236715,0.9874251441217285
Reactome,R-HSA-6802957,Oncogenic MAPK signaling,23,0.7372191286267858,0.2476900176308993,2.1942428233952245,0.5837939575607138,0.9233729077676118
Reactome,R-HSA-6811442,Intra-Golgi and retrograde Golgi-to-ER traffic,22,1.6004484891156365,0.7021799871864521,3.6478330528556877,0.2632080100416597,0.8446789696795654
Reactome,R-HSA-6811558,"PI5P, PP2A and IER3 Regulate PI3K/AKT Signaling",23,0.7009513367080684,0.16559968139962825,2.966991073172023,0.6293333970725794,0.9345789369700581
Reactome,R-HSA-68877,Mitotic Prometaphase,25,1.5780316777522951,0.6220062786677003,4.003470803097914,0.336857712656496,0.8746676772491367
Reactome,R-HSA-68882,Mitotic Anaphase,23,1.3043977200509247,0.4966014736348145,3.426194851216344,0.5896467273768681,0.9233729077676118
Reactome,R-HSA-68886,M Phase,37,1.026015293541608,0.40089086709712907,2.625920091929206,0.9572814368663318,0.9874251441217285
Reactome,R-HSA-69275,G2/M Transition,25,1.0931142795398046,0.3759381598475098,3.1784451693291995,0.8701345806514115,0.9874251441217285
Reactome,R-HSA-69278,"Cell Cycle, Mitotic",50,1.0629067501256257,0.46397647489479854,2.434974229498989,0.8853016591891713,0.9874251441217285
Reactome,R-HSA-71291,Metabolism of amino acids and derivatives,53,0.5975162497530971,0.30842053546366527,1.1575936997264775,0.12694265073156435,0.809355085672245
Reactome,R-HSA-71387,Metabolism of carbohydrates and carbohydrate derivatives,48,0.7573045796821094,0.38991932633881954,1.470843294156561,0.41176722048568204,0.8852813427596433
Reactome,R-HSA-72766,Translation,29,1.1623466168920615,0.36392996204164896,3.7123891921979304,0.7995550674459848,0.9874251441217285
Reactome,R-HSA-73857,RNA Polymerase II Transcription,136,0.9835799681839998,0.6375332854321025,1.5174573248471896,0.9403413614264822,0.9874251441217285
Reactome,R-HSA-73894,DNA Repair,28,1.103445559128556,0.42394184258231205,2.8720734300345105,0.8401576527242456,0.9874251441217285
Reactome,R-HSA-74160,Gene expression (Transcription),153,0.9352392858760011,0.611095859538515,1.431318030049139,0.757798673825942,0.9830180512926758
Reactome,R-HSA-76002,"Platelet activation, signaling and aggregation",46,1.2977706695010507,0.6641611461248885,2.535843477812398,0.44568357966078287,0.8857347362252898
Reactome,R-HSA-76005,Response to elevated platelet cytosolic Ca2+,24,2.3150115901014825,1.295044409441952,4.138297206822091,0.004620065042765048,0.1906434582124108
Reactome,R-HSA-8878171,Transcriptional regulation by RUNX1,31,1.451656330894749,0.6478050329499107,3.252994336013047,0.3652788121652929,0.8852813427596433
Reactome,R-HSA-8939211,ESR-mediated signaling,26,1.0290636899191128,0.3104420803731403,3.411174402120656,0.9626278938960269,0.9874251441217285
Reactome,R-HSA-8953854,Metabolism of RNA,32,0.6883213929362345,0.16867739740494136,2.8088312202035355,0.6026673549240105,0.9233729077676118
Reactome,R-HSA-8953897,Cellular responses to stimuli,102,1.23969846281845,0.7670763860066256,2.0035192149705323,0.38031793860151597,0.8852813427596433
Reactome,R-HSA-8957322,Metabolism of steroids,25,0.2642233742542226,0.034762904788659295,2.008289926481127,0.1983810134253261,0.809355085672245
Reactome,R-HSA-8978868,Fatty acid metabolism,25,0.5530389973225269,0.1569723869116555,1.9484454468520016,0.3565982407360796,0.8843636370254774
Reactome,R-HSA-9006925,Intracellular signaling by second messengers,45,0.5306198897420601,0.1851155700086213,1.5209820944654366,0.23820689769350012,0.8439330089712576
Reactome,R-HSA-9006931,Signaling by Nuclear Receptors,34,1.0107149046900512,0.3491185008056383,2.9260684157535803,0.9843214421755461,0.9923240555265668
Reactome,R-HSA-9006934,Signaling by Receptor Tyrosine Kinases,87,0.9275695545770675,0.4911831300634019,1.7516588537298516,0.8166927855868222,0.9874251441217285
Reactome,R-HSA-9006936,Signaling by TGFB family members,32,0.49305894013805235,0.1439852648112862,1.6884166499168298,0.26018110990395904,0.8446789696795654
Reactome,R-HSA-9012999,RHO GTPase cycle,41,0.1622642967953385,0.02223962209633289,1.1839095961449468,0.07289281215022322,0.6596167234357375
Reactome,R-HSA-913531,Interferon Signaling,35,0.981115534110112,0.4200753514553648,2.291464347853912,0.9648628334696958,0.9874251441217285
Reactome,R-HSA-948021,Transport to the Golgi and subsequent modification,23,2.073767235176422,0.969537566472567,4.435630649504024,0.06007410597741389,0.6596167234357375
Reactome,R-HSA-9609507,Protein localization,23,0.5205774990616873,0.18998361182117254,1.4264437333911115,0.20431118779053126,0.809355085672245
Reactome,R-HSA-9612973,Autophagy,25,0.5994792539263759,0.17988119014711293,1.9978485554504894,0.40475853059643785,0.8852813427596433
Reactome,R-HSA-9658195,Leishmania infection,25,1.3652438634869086,0.45246001226678273,4.119459745073914,0.5805823211494274,0.9233729077676118
Reactome,R-HSA-9675108,Nervous system development,90,1.315755178116934,0.8798509206466834,1.9676193410914413,0.18137016445243226,0.809355085672245
Reactome,R-HSA-9679506,SARS-CoV Infections,44,0.7833766338065349,0.3456945137848762,1.7752059287118074,0.5585857703866892,0.9233729077676118
Reactome,R-HSA-9694516,SARS-CoV-2 Infection,26,0.8747166295211792,0.30145155597265466,2.5381497185912636,0.8054679616692387,0.9874251441217285
Reactome,R-HSA-9700206,Signaling by ALK in cancer,20,0.9494401645228834,0.38839874141083597,2.3209051160537326,0.909421851880746,0.9874251441217285
Reactome,R-HSA-9709957,Sensory Perception,48,1.2784742587407665,0.7301276021705176,2.2386448963218677,0.3900516337269093,0.8852813427596433
Reactome,R-HSA-9711123,Cellular response to chemical stress,23,0.4507631810111456,0.11168911072768026,1.8192234142744432,0.262987465772594,0.8446789696795654
Reactome,R-HSA-9716542,"Signaling by Rho GTPases, Miro GTPases and RHOBTB3",79,1.1822393541094611,0.6690620173343119,2.0890289004505966,0.5643611704623535,0.9233729077676118
Reactome,R-HSA-9725370,Signaling by ALK fusions and activated point mutants,20,0.9494401645228834,0.38839874141083597,2.3209051160537326,0.909421851880746,0.9874251441217285
Reactome,R-HSA-9730414,MITF-M-regulated melanocyte development,39,1.1661269993219765,0.5496910241129036,2.4738482509191755,0.6887709875750228,0.9705409370375321
Reactome,R-HSA-9734767,Developmental Cell Lineages,28,0.5178670561192247,0.13053936393692625,2.054447637290265,0.3493094205510202,0.8843636370254774
Reactome,R-HSA-9758941,Gastrulation,22,2.038668698124872,0.7308849581656515,5.686490075189352,0.17351569840375547,0.809355085672245
Reactome,R-HSA-9759476,Regulation of Homotypic Cell-Cell Adhesion,25,2.3603137432329304,0.9381600690061703,5.9383053601886004,0.06809284625749992,0.6596167234357375
Reactome,R-HSA-9764265,Regulation of CDH1 Expression and Function,22,0.91389971698925,0.2814152357284038,2.9679014732489533,0.8809092598285322,0.9874251441217285
Reactome,R-HSA-9764274,Regulation of Expression and Function of Type I Classical Cadherins,22,0.91389971698925,0.2814152357284038,2.9679014732489533,0.8809092598285322,0.9874251441217285
Reactome,R-HSA-9824439,Bacterial Infection Pathways,20,2.8888388550673834,1.0872932768932375,7.675380789985767,0.03334797396542911,0.5421486243094502
Reactome,R-HSA-9824443,Parasitic Infection Pathways,25,1.3652438634869086,0.45246001226678273,4.119459745073914,0.5805823211494274,0.9233729077676118
Reactome,R-HSA-9824446,Viral Infection Pathways,87,0.7877030519209144,0.40589901862731675,1.5286464601561986,0.48053244462870826,0.9233729077676118
Reactome,R-HSA-983169,Class I MHC mediated antigen processing & presentation,23,0.9789526391687245,0.33619697721459985,2.8505558785071483,0.9688825613442514,0.9874251441217285
Reactome,R-HSA-983231,Factors involved in megakaryocyte development and platelet production,25,1.337510393303554,0.5765973761156339,3.1025705740226357,0.4981454539661997,0.9233729077676118
Reactome,R-HSA-983712,Ion channel transport,33,1.5398838766831549,0.8666763077335236,2.736018433306274,0.14099975962503714,0.809355085672245
Reactome,R-HSA-9837999,Mitochondrial protein degradation,22,0.6655047901215057,0.1464881852836753,3.023428987238781,0.5979812963322501,0.9233729077676118
Reactome,R-HSA-9855142,Cellular responses to mechanical stimuli,23,1.5402818445946997,0.5700786204461862,4.161650824462035,0.39432026960020694,0.8852813427596433
Reactome,R-HSA-9856649,Transcriptional and post-translational regulation of MITF-M expression and activity,20,0.7893478523164538,0.2031400390755948,3.0671946052187877,0.7326647933810921,0.9782602786405068
Reactome,R-HSA-9856651,MITF-M-dependent gene expression,22,1.624057667510669,0.6878251238292218,3.8346422891860925,0.2686054995606977,0.8446789696795654
Reactome,R-HSA-9860931,Response of endothelial cells to shear stress,22,1.6494601861054428,0.608923195527128,4.468082223722403,0.32496199081850374,0.8746676772491367
Reactome,R-HSA-9909648,Regulation of PD-L1(CD274) expression,23,0.3132455808206119,0.048611557393593,2.018507514770038,0.2220397274192838,0.8097919470585645
Reactome,R-HSA-9917777,Epigenetic regulation by WDR5-containing histone modifying complexes,22,0.6580233997074272,0.15256084633097214,2.838177717126469,0.5746631344749148,0.9233729077676118
Reactome,R-HSA-9932444,ATP-dependent chromatin remodelers,27,0.4086073446039292,0.11261683971381886,1.48254881320193,0.17346606644294205,0.809355085672245
Reactome,R-HSA-9938024,Somatic hypermutation of immunoglobulin genes,20,0.637402532992119,0.20547486843750976,1.9772831205794408,0.4355608684821787,0.8857347362252898
Reactome,R-HSA-9938026,Immunoglobulin maturation,38,1.152410638237959,0.5408384714919713,2.455539591073145,0.7132190927569133,0.9718589835368929
Reactome,R-HSA-9938027,Affinity selection of immunoglobulins,38,1.152410638237959,0.5408384714919713,2.455539591073145,0.7132190927569133,0.9718589835368929
Reactome,R-HSA-9975921,Assembly of the 9+0 primary cilium,37,1.2457736180822976,0.5286224214877442,2.935842000689408,0.6153476154699039,0.924886112948704
GO BP,GO:0000122,negative regulation of transcription by RNA polymerase II,115,1.476368843860015,0.9789086052507946,2.2266276457567065,0.06312383999287786,0.6596167234357375
GO BP,GO:0000165,MAPK cascade,21,0.4601273038323325,0.10668883903854047,1.9844356508137706,0.2978938459232352,0.8691491033995568
GO BP,GO:0000278,mitotic cell cycle,20,1.619368370005463,0.6036748016279829,4.343984394747333,0.33832915006946795,0.8746676772491367
GO BP,GO:0001501,skeletal system development,23,1.0723978705493096,0.3770969930792414,3.0497119146135185,0.895711918640583,0.9874251441217285
GO BP,GO:0001525,angiogenesis,21,0.5167309643302063,0.10467990734728617,2.5507367771332587,0.417652891543864,0.8852813427596433
GO BP,GO:0001649,osteoblast differentiation,20,1.207482122872721,0.36271822289672545,4.0196852129823775,0.7586442987881826,0.9830180512926758
GO BP,GO:0001666,response to hypoxia,29,0.8666452001582803,0.3538494285751564,2.1225805167518037,0.7541501437061207,0.9830180512926758
GO BP,GO:0001822,kidney development,21,1.1064556143361473,0.3806597832466508,3.2161107644584694,0.8525821916205119,0.9874251441217285
GO BP,GO:0006281,DNA repair,23,0.8046021773757034,0.254068722298298,2.5480691128821396,0.7116388826654905,0.9718589835368929
GO BP,GO:0006338,chromatin remodeling,48,1.3007203988528424,0.6682428554989985,2.5318243840085963,0.4390916398906597,0.8857347362252898
GO BP,GO:0006355,regulation of DNA-templated transcription,132,1.6240745355793726,1.0494909071100558,2.513235778650494,0.029492730029077294,0.5330189759945413
GO BP,GO:0006357,regulation of transcription by RNA polymerase II,139,1.3620273585873004,0.8378551297256063,2.214128027297322,0.21263015890454473,0.809355085672245
GO BP,GO:0006468,protein phosphorylation,21,0.3607740661189294,0.04637588166937651,2.8065865725617707,0.33003414769064077,0.8746676772491367
GO BP,GO:0006508,proteolysis,36,2.000725141608401,1.0393952579377912,3.851182754293011,0.037926789630671746,0.5532849310827408
GO BP,GO:0006629,lipid metabolic process,26,0.7737714897854111,0.3253991739992212,1.839962625123835,0.5616901725040788,0.9233729077676118
GO BP,GO:0006811,monoatomic ion transport,63,1.2608592489423542,0.8402119983726334,1.8921010991542848,0.2630148610353997,0.8446789696795654
GO BP,GO:0006813,potassium ion transport,32,0.987319471388224,0.5571473559469228,1.7496264285873904,0.9651307246842358,0.9874251441217285
GO BP,GO:0006915,apoptotic process,28,0.695237409963642,0.20682367953764622,2.337039246635067,0.5567646714189387,0.9233729077676118
GO BP,GO:0006936,muscle contraction,24,1.8096226567548406,1.1367721430275706,2.8807304787737253,0.012404403248274704,0.34181022284134743
GO BP,GO:0006955,immune response,29,0.4983963613366003,0.13915839140955114,1.785008654365016,0.28469793714924174,0.8446789696795654
GO BP,GO:0006974,DNA damage response,26,0.6006687919245579,0.17637384569215847,2.0456717727970313,0.4149308411696897,0.8852813427596433
GO BP,GO:0006979,response to oxidative stress,23,1.1439935359526168,0.35167894004730094,3.7213522371437646,0.8231217098036007,0.9874251441217285
GO BP,GO:0007005,mitochondrion organization,20,0.47120684484775766,0.06887300867842196,3.2238447962698493,0.44312735078890886,0.8857347362252898
GO BP,GO:0007155,cell adhesion,30,0.6442789628996975,0.1960852396751396,2.1169129442012617,0.46885705901859553,0.9149274413051977
GO BP,GO:0007165,signal transduction,109,0.8997808721618916,0.5199493723158543,1.55708547988515,0.705862488523161,0.9718589835368929
GO BP,GO:0007166,cell surface receptor signaling pathway,23,1.5074149786976812,0.5599792317156395,4.057828914548061,0.4166223574537875,0.8852813427596433
GO BP,GO:0007186,G protein-coupled receptor signaling pathway,39,1.6077541384278178,0.588479433343727,4.392461695635787,0.3544432683680967,0.8843636370254774
GO BP,GO:0007267,cell-cell signaling,26,2.2663101974434747,1.1948384690775757,4.298624495243643,0.012243833022021297,0.34181022284134743
GO BP,GO:0007268,chemical synaptic transmission,30,1.0810158153064462,0.5395258769315739,2.165966903364802,0.8261021971419207,0.9874251441217285
GO BP,GO:0007283,spermatogenesis,21,1.731729999637228,0.8181366242247933,3.6655109951654863,0.15119334406743737,0.809355085672245
GO BP,GO:0007399,nervous system development,54,1.5421700252635853,0.8453112936698253,2.8135059884228113,0.15790033154234573,0.809355085672245
GO BP,GO:0007417,central nervous system development,31,0.5508933955872328,0.17473132669558378,1.736858175582671,0.3088359458305542,0.8746676772491367
GO BP,GO:0007420,brain development,35,0.663548443596819,0.25703830490380536,1.7129607867766574,0.39662754602464123,0.8852813427596433
GO BP,GO:0007507,heart development,34,1.0139405807906738,0.43098385856258514,2.38541532576872,0.9746977138900101,0.9874251441217285
GO BP,GO:0007601,visual perception,52,0.27394287580381843,0.13653865954503272,0.5496223520410005,0.00026765862646700874,0.06637933936381817
GO BP,GO:0007605,sensory perception of sound,40,1.050143666064767,0.53247211637249,2.0710975945348573,0.8877111826081192,0.9874251441217285
GO BP,GO:0008104,intracellular protein localization,20,0.21686931277679272,0.03953742245332141,1.1895641118185059,0.0783899725178096,0.6703694201523028
GO BP,GO:0008284,positive regulation of cell population proliferation,70,1.2333805249616616,0.6381783471254625,2.3837028100479234,0.5326515540243498,0.9233729077676118
GO BP,GO:0008285,negative regulation of cell population proliferation,45,0.8529283040118428,0.42397087335465317,1.7158883723032863,0.6555583971496266,0.9571106541828432
GO BP,GO:0009410,response to xenobiotic stimulus,44,0.9753607694602519,0.5308837004303771,1.7919718194980765,0.9359278384604398,0.9874251441217285
GO BP,GO:0009653,anatomical structure morphogenesis,27,2.32054233731162,1.01743278901329,5.292651069834292,0.045383423579297866,0.6252827248703262
GO BP,GO:0010467,gene expression,27,0.6621140022477702,0.24766751542574003,1.7700946820537204,0.4111763426074422,0.8852813427596433
GO BP,GO:0010468,regulation of gene expression,28,0.7550708017669966,0.29027851224050244,1.9640858404589299,0.5646076472382713,0.9233729077676118
GO BP,GO:0010628,positive regulation of gene expression,73,1.1160169912383917,0.6876029957235695,1.8113561640640479,0.6568813504401549,0.9571106541828432
GO BP,GO:0010629,negative regulation of gene expression,47,0.9105766013512813,0.5017583361914606,1.652488234120865,0.7580160523797147,0.9830180512926758
GO BP,GO:0016192,vesicle-mediated transport,20,0.9987408308153732,0.3474611408496547,2.870776411712151,0.9981338168657001,0.9983854728255223
GO BP,GO:0016567,protein ubiquitination,33,1.0164782852625731,0.42572349673479054,2.4269933708967972,0.970638203071751,0.9874251441217285
GO BP,GO:0019722,calcium-mediated signaling,20,1.299895840510411,0.6632687022965817,2.5475786665729068,0.44485620538876547,0.8857347362252898
GO BP,GO:0030036,actin cytoskeleton organization,24,0.7430921732738255,0.20259974246883217,2.7255018750370086,0.6542766828259489,0.9571106541828432
GO BP,GO:0030154,cell differentiation,43,1.099711496588959,0.4944840275410707,2.4457117083109035,0.815703454763048,0.9874251441217285
GO BP,GO:0030182,neuron differentiation,32,1.2486199241827087,0.6109739069391272,2.5517484418878227,0.5425989998551934,0.9233729077676118
GO BP,GO:0030335,positive regulation of cell migration,31,2.0821676338569706,0.9647959023707979,4.493615742799156,0.06166664388287302,0.6596167234357375
GO BP,GO:0034220,monoatomic ion transmembrane transport,36,0.7857576735679455,0.3604246817635221,1.7130212019608622,0.5442813658743502,0.9233729077676118
GO BP,GO:0035556,intracellular signal transduction,40,0.3956686527250469,0.09321986613207088,1.6794025699141601,0.20872119222858232,0.809355085672245
GO BP,GO:0035725,sodium ion transmembrane transport,33,1.3896736602318724,0.9211320785530102,2.0965428594951616,0.11677848501062664,0.8044740078509834
GO BP,GO:0042127,regulation of cell population proliferation,20,0.6251078425636237,0.18649928156443732,2.0952349604603535,0.4464388791458114,0.8857347362252898
GO BP,GO:0042391,regulation of membrane potential,23,1.2039939148906627,0.6529614507629825,2.2200412373500638,0.5520692633487754,0.9233729077676118
GO BP,GO:0043065,positive regulation of apoptotic process,33,0.6209514453479846,0.23502697616076887,1.6405805996329412,0.3364059141435206,0.8746676772491367
GO BP,GO:0043066,negative regulation of apoptotic process,69,0.7797301992651763,0.3956678541844702,1.5365897866513474,0.4722206148671988,0.9149274413051977
GO BP,GO:0043123,positive regulation of canonical NF-kappaB signal transduction,22,0.9439358286184188,0.36954332320751276,2.411124197335861,0.9040173252996684,0.9874251441217285
GO BP,GO:0043161,proteasome-mediated ubiquitin-dependent protein catabolic process,23,0.7223555631851187,0.2119303548334562,2.4621180862672585,0.603171012332069,0.9233729077676118
GO BP,GO:0043410,positive regulation of MAPK cascade,32,0.7424027873804306,0.24938571788875427,2.210078040459777,0.5925323567978205,0.9233729077676118
GO BP,GO:0045471,response to ethanol,22,0.8303275586531916,0.29949680961698055,2.3020073420504312,0.7208027016334599,0.9768255191535413
GO BP,GO:0045597,positive regulation of cell differentiation,24,1.026193457834293,0.4708321092320807,2.2366210635452357,0.9481370388308867,0.9874251441217285
GO BP,GO:0045766,positive regulation of angiogenesis,21,1.718945384923843,0.6461786641290227,4.572687710656133,0.27783108024115066,0.8446789696795654
GO BP,GO:0045892,negative regulation of DNA-templated transcription,64,1.6291118373140216,0.9692943806432299,2.738079815045923,0.06543520370482062,0.6596167234357375
GO BP,GO:0045893,positive regulation of DNA-templated transcription,124,1.3990515646418014,0.9071078486850189,2.1577867321555217,0.1287670738036083,0.809355085672245
GO BP,GO:0045944,positive regulation of transcription by RNA polymerase II,158,1.4483787168023403,0.9640470494421982,2.176035815367923,0.07447285587177681,0.6596167234357375
GO BP,GO:0048513,animal organ development,24,1.6916643082322036,0.750768111401361,3.8117337274822773,0.2046615450185011,0.809355085672245
GO BP,GO:0050821,protein stabilization,25,0.479716785550769,0.12440011518124301,1.8499033863745262,0.2861009413430786,0.8446789696795654
GO BP,GO:0051260,protein homooligomerization,21,0.42680201125072137,0.11322680445875583,1.608805950838388,0.2085176624224604,0.809355085672245
GO BP,GO:0051726,regulation of cell cycle,26,0.8836632973487961,0.33139562794020444,2.356279797457805,0.804779862659734,0.9874251441217285
GO BP,GO:0051897,positive regulation of phosphatidylinositol 3-kinase/protein kinase B signal transduction,27,0.44371397209255287,0.10335499039500941,1.9049112991805512,0.27435321169168747,0.8446789696795654
GO BP,GO:0055085,transmembrane transport,103,1.3297318925317119,0.8664412207473738,2.0407465199898587,0.19223168816593672,0.809355085672245
GO BP,GO:0060271,cilium assembly,28,0.39878371987277134,0.060673301194660745,2.6210615230140046,0.33858103635450454,0.8746676772491367
GO BP,GO:0065003,protein-containing complex assembly,21,0.561261359614374,0.13288338343116227,2.3706072622643815,0.43201687619915974,0.8857347362252898
GO BP,GO:0070374,positive regulation of ERK1 and ERK2 cascade,22,1.6842825570769973,0.4934245293864464,5.749223160026692,0.4052441197052714,0.8852813427596433
GO BP,GO:0070588,calcium ion transmembrane transport,29,1.4863752919577782,0.8391743698746811,2.63272043076399,0.17419206861343073,0.809355085672245
GO BP,GO:0071456,cellular response to hypoxia,24,1.7051734588887564,0.6817338031057333,4.265032057457901,0.2538981715126031,0.8446789696795654
GO BP,GO:0071805,potassium ion transmembrane transport,36,0.7576076679580687,0.37492285300327377,1.5308999543536799,0.4392596285621644,0.8857347362252898
GO BP,GO:1902476,chloride transmembrane transport,28,1.4739091043807224,0.6689759775635992,3.247363314731064,0.33578803462712803,0.8746676772491367
GO BP,GO:1902600,proton transmembrane transport,20,1.8257774780026086,0.5695244860379958,5.853064233236803,0.3111308111581301,0.8746676772491367
