gene,mane_transcript,protein_position,reference_amino_acid,alternate_amino_acid,reference_codon,c_to_a_codon_position,product_codon,route_class,clinvar_variation_id,clinvar_review_status,clinvar_review_stars,phenotype,higher_confidence_subset,splice_proximal,distance_from_exon_boundary,chromosome,genomic_coordinate,transcript_strand,base_resolution_map_detection,click_code_seq_detection,any_map_detection,map_condition_category
TTR,NM_000371.4,53,F,L,TTC,3,TTA,different-position convergence,13456,"criteria provided, multiple submitters, no conflicts",2,"Amyloidosis, hereditary systemic 1|not provided|Cardiovascular phenotype",True,False,43,chr18,31592983,+,True,False,True,
FOXG1,NM_005249.5,215,F,L,TTC,3,TTA,different-position convergence,13870,"criteria provided, multiple submitters, no conflicts",2,FOXG1 disorder,True,False,642,chr14,28767922,+,True,False,True,
RYR1,NM_000540.3,539,F,L,TTC,3,TTA,different-position convergence,133104,reviewed by expert panel,3,"not provided|RYR1-related disorder|Malignant hyperthermia, susceptibility to, 1",True,False,38,chr19,38455489,+,True,False,True,
MYH7,NM_000257.4,247,F,L,TTC,3,TTA,different-position convergence,164392,"criteria provided, multiple submitters, no conflicts",2,Hypertrophic cardiomyopathy|Cardiovascular phenotype,True,False,6,chr14,23431475,-,True,False,True,
GJB1,NM_000166.6,51,F,L,TTC,3,TTA,different-position convergence,234871,"criteria provided, multiple submitters, no conflicts",2,not provided|Charcot-Marie-Tooth Neuropathy X|Inborn genetic diseases,True,False,150,chrX,71223858,+,True,False,True,
MYH7,NM_000257.4,540,F,L,TTC,3,TTA,different-position convergence,407186,"criteria provided, multiple submitters, no conflicts",2,Hypertrophic cardiomyopathy|Cardiomyopathy|Cardiovascular phenotype|Primary dilated cardiomyopathy,True,False,39,chr14,23427855,-,True,False,True,
ATL1,NM_015915.5,402,F,L,TTC,3,TTA,different-position convergence,452665,"criteria provided, multiple submitters, no conflicts",2,not provided|Hereditary spastic paraplegia 3A,True,False,84,chr14,50628115,+,True,False,True,
GRIN1,NM_007327.4,549,S,R,AGC,3,AGA,different-position convergence,520575,"criteria provided, multiple submitters, no conflicts",2,"Inborn genetic diseases|Neurodevelopmental disorder with or without hyperkinetic movements and seizures, autosomal dominant",True,False,12,chr9,137162184,+,False,False,False,
PAH,NM_000277.3,382,F,L,TTC,3,TTA,different-position convergence,556882,reviewed by expert panel,3,Phenylketonuria,True,False,55,chr12,102843701,-,False,False,False,
RYR1,NM_000540.3,4194,F,L,TTC,3,TTA,different-position convergence,578395,"criteria provided, multiple submitters, no conflicts",2,RYR1-related disorder|not provided,True,False,44,chr19,38561410,+,False,False,False,
SCN1A,NM_001165963.4,218,F,L,TTC,3,TTA,different-position convergence,587828,"criteria provided, multiple submitters, no conflicts",2,not provided|Inborn genetic diseases|Early-infantile DEE,True,False,42,chr2,166052894,-,False,False,False,
KCNQ2,NM_172107.4,555,F,L,TTC,3,TTA,different-position convergence,813758,"criteria provided, multiple submitters, no conflicts",2,"Seizures, benign familial neonatal, 1|Early-infantile DEE",True,False,31,chr20,63413550,-,True,False,True,
CLCN1,NM_000083.3,306,F,L,TTC,3,TTA,different-position convergence,957128,"criteria provided, multiple submitters, no conflicts",2,"Congenital myotonia, autosomal dominant form;Congenital myotonia, autosomal recessive form|not provided|Skeletal muscle channelopathy|Congenital myotonia, autosomal recessive form",True,False,62,chr7,143330834,+,True,False,True,
CLCN1,NM_000083.3,484,F,L,TTC,3,TTA,different-position convergence,1070311,"criteria provided, multiple submitters, no conflicts",2,"Congenital myotonia, autosomal dominant form;Congenital myotonia, autosomal recessive form|not provided|Congenital myotonia, autosomal dominant form",True,False,21,chr7,143339301,+,True,False,True,
RYR1,NM_000540.3,4857,F,L,TTC,3,TTA,different-position convergence,1451182,"criteria provided, multiple submitters, no conflicts",2,RYR1-related disorder|Central core myopathy,True,False,57,chr19,38580427,+,False,False,False,
PAH,NM_000277.3,121,F,L,TTC,3,TTA,different-position convergence,2137411,reviewed by expert panel,3,Phenylketonuria,True,False,8,chr12,102877542,-,True,False,True,
GJB1,NM_000166.6,62,S,R,AGC,3,AGA,different-position convergence,2016455,"criteria provided, multiple submitters, no conflicts",2,Charcot-Marie-Tooth Neuropathy X|Hereditary neuropathy or pain disorder,True,False,183,chrX,71223891,+,True,False,True,
SCN1A,NM_001165963.4,412,F,L,TTC,3,TTA,different-position convergence,2834332,"criteria provided, multiple submitters, no conflicts",2,Epilepsy|Early-infantile DEE,True,False,63,chr2,166046913,-,False,False,False,
PLP1,NM_000533.5,32,F,L,TTC,3,TTA,different-position convergence,3255463,"criteria provided, multiple submitters, no conflicts",2,Pelizaeus-Merzbacher disease,True,False,89,chrX,103785671,+,True,False,True,
