screen,resource,term,n_genes,observed_pct,null_pct,z,odds_ratio,n_permutations,n_permutations_exceeding,p_value_method,p_value,q_value
disease ontology top-level category,MONDO via ClinVar phenotypes,Eye,147,6.055003466605038,5.390130746520456,,1.1313002519696558,,,gene-level Fisher exact test against all other categories,0.7842965859732327,0.8255753536560345
disease ontology top-level category,MONDO via ClinVar phenotypes,Nervous system,506,5.875293219136981,5.111080191085756,,1.1588539820430392,,,gene-level Fisher exact test against all other categories,0.0838740113955797,0.2096850284889494
disease ontology top-level category,MONDO via ClinVar phenotypes,Metabolic / endocrine,385,5.676172326958415,5.337513393388626,,1.0672670128868254,,,gene-level Fisher exact test against all other categories,0.4393362193144809,0.6276231704492585
disease ontology top-level category,MONDO via ClinVar phenotypes,Immune system,84,5.025927403270842,5.491507289019661,,0.910731634368774,,,gene-level Fisher exact test against all other categories,0.0737901270767842,0.2096850284889494
disease ontology top-level category,MONDO via ClinVar phenotypes,Digestive system,99,4.917234664070107,5.4918336064274005,,0.8899612501090349,,,gene-level Fisher exact test against all other categories,0.540267704765708,0.661249235332212
disease ontology top-level category,MONDO via ClinVar phenotypes,Skin / integumentary,105,4.866920152091255,5.5042670817454775,,0.8782847929360071,,,gene-level Fisher exact test against all other categories,0.4787113259160795,0.6382817678881061
disease ontology top-level category,MONDO via ClinVar phenotypes,Cancer / neoplasm,192,4.6557701832590395,5.505241200855491,,0.8381630072565325,,,gene-level Fisher exact test against all other categories,0.1217453491131736,0.2501013263035676
disease ontology top-level category,MONDO via ClinVar phenotypes,Respiratory,53,4.352030947775629,5.491790622265685,,0.7830180722720308,,,gene-level Fisher exact test against all other categories,0.968801687044714,0.968801687044714
disease ontology top-level category,MONDO via ClinVar phenotypes,Cardiovascular,128,4.206465833945628,5.660705991639572,,0.7318181773483787,,,gene-level Fisher exact test against all other categories,0.7752205343588073,0.8255753536560345
disease ontology top-level category,MONDO via ClinVar phenotypes,Musculoskeletal,249,4.175528937646927,5.833521754578636,,0.7033971005268006,,,gene-level Fisher exact test against all other categories,0.5620618500323802,0.661249235332212
expression atlas broad class,Human Protein Atlas,Post-mitotic-enriched,821,6.895,5.72,2.953,,2000.0,2.0,"one-sided upper-tail empirical permutation, (b+1)/(B+1)",0.0014992503748125,0.0044977511244377
expression atlas broad class,Human Protein Atlas,Ubiquitous,2733,5.378,5.738,-2.384,,2000.0,1987.0,"one-sided upper-tail empirical permutation, (b+1)/(B+1)",0.993503248375812,0.993503248375812
expression atlas broad class,Human Protein Atlas,Proliferating-enriched,813,5.063,5.744,-1.71,,2000.0,1903.0,"one-sided upper-tail empirical permutation, (b+1)/(B+1)",0.9515242378810594,0.993503248375812
expression atlas single-cell type class,Human Protein Atlas,Neurons,489,7.670394598016459,6.030257679623262,2.963435143205148,,2000.0,0.0,"two-sided empirical permutation, (b+1)/(B+1)",0.0004997501249375,0.0039980009995002
expression atlas single-cell type class,Human Protein Atlas,Skeletal muscle,257,6.743607150939127,6.0405356750731025,0.9307788031872958,,2000.0,708.0,"two-sided empirical permutation, (b+1)/(B+1)",0.3543228385807096,0.7086456771614192
expression atlas single-cell type class,Human Protein Atlas,Cardiomyocytes,304,6.536101934874941,6.04029010690359,0.7020480785699535,,2000.0,1003.0,"two-sided empirical permutation, (b+1)/(B+1)",0.5017491254372813,0.7116441779110444
expression atlas single-cell type class,Human Protein Atlas,Photoreceptors,275,6.498371335504887,6.021833476343796,0.6477071224662779,,2000.0,1067.0,"two-sided empirical permutation, (b+1)/(B+1)",0.5337331334332833,0.7116441779110444
expression atlas single-cell type class,Human Protein Atlas,Myeloid progenitors (proliferative),293,6.137811233352634,6.048342581163974,0.1277898938382622,,2000.0,1980.0,"two-sided empirical permutation, (b+1)/(B+1)",0.9900049975012494,0.9950024987506249
expression atlas single-cell type class,Human Protein Atlas,Spermatogenic (proliferative),832,6.033405294852858,6.017362673858495,0.0385001639578986,,2000.0,1990.0,"two-sided empirical permutation, (b+1)/(B+1)",0.9950024987506249,0.9950024987506249
expression atlas single-cell type class,Human Protein Atlas,Oligodendrocytes,320,4.7035692679975805,6.0281408448521505,-1.942547336795383,,2000.0,148.0,"two-sided empirical permutation, (b+1)/(B+1)",0.0744627686156921,0.198567382975179
expression atlas single-cell type class,Human Protein Atlas,Basal epithelial (proliferative),185,3.6934760096651713,6.047387067888374,-2.6983929266732787,,2000.0,37.0,"two-sided empirical permutation, (b+1)/(B+1)",0.0189905047476261,0.0759620189905047
