analysis,term,estimate_type,estimate,ci_lower,ci_upper,p_value,n_genes,n_states,n_accessible,interval_method
gene-group accessible fractions,post-mitotic and neurological,accessible fraction (%),7.2993,6.3847,8.0315,,454.0,14700.0,1073.0,"whole-gene bootstrap, 2,000 resamples, 2.5th and 97.5th percentiles"
gene-group accessible fractions,post-mitotic only,accessible fraction (%),5.4148,4.0046,6.914,,337.0,3749.0,203.0,"whole-gene bootstrap, 2,000 resamples, 2.5th and 97.5th percentiles"
gene-group accessible fractions,neurological only,accessible fraction (%),5.0621,4.4117,5.7152,,1268.0,26491.0,1341.0,"whole-gene bootstrap, 2,000 resamples, 2.5th and 97.5th percentiles"
gene-group accessible fractions,neither,accessible fraction (%),5.5324,5.047,5.9728,,2188.0,22034.0,1219.0,"whole-gene bootstrap, 2,000 resamples, 2.5th and 97.5th percentiles"
primary interaction model,post-mitotic expression,odds ratio,0.9769,0.7419,1.2864,0.867972,4247.0,66974.0,3836.0,HC1 robust Wald
primary interaction model,neurological annotation,odds ratio,0.9388,0.8213,1.0732,0.354895,4247.0,66974.0,3836.0,HC1 robust Wald
primary interaction model,post-mitotic x neurological,odds ratio,1.4898,1.0771,2.0608,0.016022,4247.0,66974.0,3836.0,HC1 robust Wald
primary interaction model,C>A coding opportunity,odds ratio,1.0653,0.9849,1.1521,0.114025,4247.0,66974.0,3836.0,HC1 robust Wald
primary interaction model,log ClinVar records,odds ratio,1.0065,0.9608,1.0544,0.783371,4247.0,66974.0,3836.0,HC1 robust Wald
primary interaction model,log coding length,odds ratio,0.8,0.7113,0.8996,0.000194,4247.0,66974.0,3836.0,HC1 robust Wald
specification sensitivity,whole-gene bootstrap,odds ratio,1.49,1.09,2.06,,,,,whole-gene bootstrap
specification sensitivity,excluding neuron-enriched genes,odds ratio,1.75,1.22,2.5,,,,,HC1 robust Wald
specification sensitivity,excluding all neural-enriched genes,odds ratio,1.69,1.26,2.26,,,,,HC1 robust Wald
specification sensitivity,higher-confidence ClinVar subset,odds ratio,1.98,1.06,3.7,,,,,HC1 robust Wald
gene-group accessible fractions,genes excluded from the model,accessible fraction (%),5.8085,,,,132.0,1274.0,74.0,"descriptive total, no interval, genes without complete model covariates"
