resource	version_or_release	accession	retrieval_date	input_filename	checksum	checksum_available	analysis_role	redistributed	note
MANE Select	v1.5		2026-08-27	MANE.GRCh38.v1.5.summary.txt.gz	d10ace2720681a3b2e0eefd9da4f551274a6b4141ac9bfd6a2565dfb6e9ad55c	yes	summary table	no	
MANE Select	v1.5		2026-08-27	MANE.GRCh38.v1.5.refseq_rna.fna.gz	7280512e57fd8599ab4e3a4a2e809b7f1780c3b9e30a8ca78ca937a7d8dee98c	yes	transcript sequences	no	
MANE Select	v1.5		2026-08-27	MANE.GRCh38.v1.5.refseq_genomic.gff.gz	not available	no	genomic annotation	no	genomic coding blocks derived from the GFF and used in every analysis
ClinVar	GRCh38 variant summary		2026-08-27	variant_summary.txt.gz	not available	no	clinical variants	no	accessible disease-associated states derived from the ClinVar summary
UCSC liftOver chain	hg19ToHg38		2026-08-26	hg19ToHg38.over.chain.gz	not available	no	coordinate conversion	no	UCSC liftOver chain as distributed; file not retained. Used only to convert coordinates between assemblies; conversions were validated by round-trip on known coordinates.
UCSC liftOver chain	hg38ToHg19		2026-08-26	hg38ToHg19.over.chain.gz	not available	no	coordinate conversion	no	UCSC liftOver chain as distributed; file not retained. Used only to convert coordinates between assemblies; conversions were validated by round-trip on known coordinates.
CLAPS-seq	GSE181312	GSE181312	2026-08-26	GSM5494642_WildType_rep1.G.bw	a278bf7180297755c41c1068d5733153993acc2b5c68eff23d66ca301ffad216	yes	single-nucleotide oxidatively modified guanine map	no	GRCh37/hg19 (verified from bigWig chrom sizes); base-resolution bigWig; threshold >=1.0 signal, stated as a threshold not a detection guarantee
CLAPS-seq	GSE181312	GSE181312	2026-08-26	GSM5494643_WildType_rep2.G.bw	5f87cae0eb6fecb0f07ea954bf89a75dd684213d3275a67767147d6f97a822ce	yes	single-nucleotide oxidatively modified guanine map	no	GRCh37/hg19 (verified from bigWig chrom sizes); base-resolution bigWig; threshold >=1.0 signal, stated as a threshold not a detection guarantee
CLAPS-seq	GSE181312	GSE181312	2026-08-26	GSM5494644_WildType_rep3.G.bw	5c5f8986f9b04f8d92a095ae5b968e97f610311cfaac45d5254b90f51167407b	yes	single-nucleotide oxidatively modified guanine map	no	GRCh37/hg19 (verified from bigWig chrom sizes); base-resolution bigWig; threshold >=1.0 signal, stated as a threshold not a detection guarantee
CLAPS-seq	GSE181312	GSE181312	2026-08-26	GSM5494645_Vitro_rep1.G.bw	fd65b81ac957d7d564ef7fee742008b882f7c15dcae5ebd4bb4e884ab06b48ee	yes	single-nucleotide oxidatively modified guanine map	no	GRCh37/hg19 (verified from bigWig chrom sizes); base-resolution bigWig; threshold >=1.0 signal, stated as a threshold not a detection guarantee
CLAPS-seq	GSE181312	GSE181312	2026-08-26	GSM5494646_Vitro_rep2.G.bw	0b79023333503c29d95237b99904bb4e1bb258a63d0cd6f4150c8b99faa83929	yes	single-nucleotide oxidatively modified guanine map	no	GRCh37/hg19 (verified from bigWig chrom sizes); base-resolution bigWig; threshold >=1.0 signal, stated as a threshold not a detection guarantee
CLAPS-seq	GSE181312	GSE181312	2026-08-26	GSM5494647_Vivo_rep1.G.bw	94b03fe64616cd30bcae90b75bf4824025e72b2014025623a9bfb79148d11a9c	yes	single-nucleotide oxidatively modified guanine map	no	GRCh37/hg19 (verified from bigWig chrom sizes); base-resolution bigWig; threshold >=1.0 signal, stated as a threshold not a detection guarantee
CLAPS-seq	GSE181312	GSE181312	2026-08-26	GSM5494648_Vivo_rep2.G.bw	8cda067ff564ed9ce4c1c7a03ea86ae30222368131ada6553a741dc603e60f82	yes	single-nucleotide oxidatively modified guanine map	no	GRCh37/hg19 (verified from bigWig chrom sizes); base-resolution bigWig; threshold >=1.0 signal, stated as a threshold not a detection guarantee
Click-code-seq	GSE295218	GSE295218	2026-08-26	GSM8943850_OG_HAP1_DMSO_Rep1.tsv.gz	bb2fb05bba999eba26e969faed1931e116939d80102cef3d2cd72fcb0a888509	yes	single-nucleotide oxidatively modified guanine map	no	GRCh38 (chr naming, verified by CDS concordance); headerless TSV: chrom, position, strand, base, MAPQ
Click-code-seq	GSE295218	GSE295218	2026-08-26	GSM8943851_OG_HAP1_DMSO_Rep2.tsv.gz	6cdb330f71b5acd1c464ed2dcc5d5926ccb4f4c5048633807574dbc149f06a76	yes	single-nucleotide oxidatively modified guanine map	no	GRCh38 (chr naming, verified by CDS concordance); headerless TSV: chrom, position, strand, base, MAPQ
Click-code-seq	GSE295218	GSE295218	2026-08-26	GSM8943852_OG_HAP1_DMSO_Rep3.tsv.gz	b4019e9bfb7ee54e979c8c6b26e74a1a569bc8fee7f5bea64a42d527d95d2952	yes	single-nucleotide oxidatively modified guanine map	no	GRCh38 (chr naming, verified by CDS concordance); headerless TSV: chrom, position, strand, base, MAPQ
Click-code-seq	GSE295218	GSE295218	2026-08-26	GSM8943853_OG_HAP1_GSK-3484862_Rep1.tsv.gz	52ae315a109274e3762834e92fc6d5dfc578f3f50899af9ebbd13fb370615703	yes	single-nucleotide oxidatively modified guanine map	no	GRCh38 (chr naming, verified by CDS concordance); headerless TSV: chrom, position, strand, base, MAPQ
Click-code-seq	GSE295218	GSE295218	2026-08-26	GSM8943854_OG_HAP1_GSK-3484862_Rep2.tsv.gz	017392a4b2be1543e9295701fc7f3ade3adf3fbb943ee24eb92502e790674fdd	yes	single-nucleotide oxidatively modified guanine map	no	GRCh38 (chr naming, verified by CDS concordance); headerless TSV: chrom, position, strand, base, MAPQ
Click-code-seq	GSE295218	GSE295218	2026-08-26	GSM8943855_OG_HAP1_GSK-3484862_Rep3.tsv.gz	ae8b17122aae5d0fbe1ae898de63cf60fee3b13999726b8c5779781fda21dbd8	yes	single-nucleotide oxidatively modified guanine map	no	GRCh38 (chr naming, verified by CDS concordance); headerless TSV: chrom, position, strand, base, MAPQ
Click-code-seq	GSE295218	GSE295218	2026-08-26	GSM8943856_OG_U2OS_DMSO_Rep1.tsv.gz	825e5c2e212d86aceaeebc809ea895ca817c0417fb10e2b921378630c9955a6c	yes	single-nucleotide oxidatively modified guanine map	no	GRCh38 (chr naming, verified by CDS concordance); headerless TSV: chrom, position, strand, base, MAPQ
Click-code-seq	GSE295218	GSE295218	2026-08-26	GSM8943857_OG_U2OS_DMSO_Rep2.tsv.gz	8becb3b424b9c19f3a091b06ff0561ba6def25c0eb027d64ca0da03275bd5717	yes	single-nucleotide oxidatively modified guanine map	no	GRCh38 (chr naming, verified by CDS concordance); headerless TSV: chrom, position, strand, base, MAPQ
Click-code-seq	GSE295218	GSE295218	2026-08-26	GSM8943858_OG_U2OS_DMSO_Rep3.tsv.gz	b52db0632ffd0b084b4182e5486e3f7d2efb942b0094b237e533fd0d9ed8aca1	yes	single-nucleotide oxidatively modified guanine map	no	GRCh38 (chr naming, verified by CDS concordance); headerless TSV: chrom, position, strand, base, MAPQ
Click-code-seq	GSE295218	GSE295218	2026-08-26	GSM8943859_OG_U2OS_GSK-3484862_Rep1.tsv.gz	fc4c175955b752e856e07cb3f3cfca6a5c8f9763ae00c2ef26c0c562ba2f2034	yes	single-nucleotide oxidatively modified guanine map	no	GRCh38 (chr naming, verified by CDS concordance); headerless TSV: chrom, position, strand, base, MAPQ
Click-code-seq	GSE295218	GSE295218	2026-08-26	GSM8943860_OG_U2OS_GSK-3484862_Rep2.tsv.gz	ec67db498e938b1fa2f15c774e3e54301b9671f58bac4566edcaf56b3fbddc3f	yes	single-nucleotide oxidatively modified guanine map	no	GRCh38 (chr naming, verified by CDS concordance); headerless TSV: chrom, position, strand, base, MAPQ
Click-code-seq	GSE295218	GSE295218	2026-08-26	GSM8943861_OG_U2OS_GSK-3484862_Rep3.tsv.gz	d8ab13ecad058e5b6fa11adc6b1c6d78b4d82a981a732cb1124a72ce12b9b2c8	yes	single-nucleotide oxidatively modified guanine map	no	GRCh38 (chr naming, verified by CDS concordance); headerless TSV: chrom, position, strand, base, MAPQ
Tsour et al. 2026 Nature, primary text and Methods	doi 10.1038/s41586-026-10678-2, PMID 42343131		2026-09-10		not available	no	directly observed noncanonical protein states	no	sample-matched RNA; matched WHOLE-EXOME sequencing, not whole-genome, and only for the CPTAC cancer datasets; healthy-tissue data carried RNA-seq only. Per-sample bcftools calling restricted to CDS, QUAL>20, depth>5, VEP annotation, missense only.
Human Protein Atlas single-cell type consensus expression	not recorded at original retrieval	proteinatlas.org	not recorded at original retrieval	hpa_expression_class_membership.tsv	not available	no	broad expression-class screen and the post-mitotic model covariate	yes, as the frozen per-gene record	exact frozen membership distributed, per-cell-type assignments not recoverable
MONDO disease ontology through ClinVar phenotype terms	not recorded at original retrieval	mondo.monarchinitiative.org	not recorded at original retrieval	mondo_gene_condition_flags.tsv	not available	no	neurological disease model covariate	yes, as the frozen per-gene record	ten top-level category assignments not recoverable, screen distributed at category level
